,image,inference time,label,index,value,boxes
0,/home/pi/sambashare/BacArbeit/randomized_iamges/0.jpg,0.43438283200521255,[],[],[],[]
1,/home/pi/sambashare/BacArbeit/randomized_iamges/1.jpg,0.4093021049993695,[],[],[],[]
2,/home/pi/sambashare/BacArbeit/randomized_iamges/2.jpg,0.3745693039963953,[],[],[],[]
3,/home/pi/sambashare/BacArbeit/randomized_iamges/3.jpg,0.3761401809970266,[],[],[],[]
4,/home/pi/sambashare/BacArbeit/randomized_iamges/4.jpg,0.37426654099544976,[],[],[],[]
5,/home/pi/sambashare/BacArbeit/randomized_iamges/5.jpg,0.3814795799989952,[],[],[],[]
6,/home/pi/sambashare/BacArbeit/randomized_iamges/6.jpg,0.39701870199496625,[],[],[],[]
7,/home/pi/sambashare/BacArbeit/randomized_iamges/7.jpg,0.37336783800128615,[],[],[],[]
8,/home/pi/sambashare/BacArbeit/randomized_iamges/8.jpg,0.3747266430000309,[],[],[],[]
9,/home/pi/sambashare/BacArbeit/randomized_iamges/9.jpg,0.3746174699990661,[],[],[],[]
10,/home/pi/sambashare/BacArbeit/randomized_iamges/10.jpg,0.37306966799951624,[],[],[],[]
11,/home/pi/sambashare/BacArbeit/randomized_iamges/11.jpg,0.3739266209959169,[],[],[],[]
12,/home/pi/sambashare/BacArbeit/randomized_iamges/12.jpg,0.3785635270032799,[],[],[],[]
13,/home/pi/sambashare/BacArbeit/randomized_iamges/13.jpg,0.3810591569999815,[],[],[],[]
14,/home/pi/sambashare/BacArbeit/randomized_iamges/14.jpg,0.37364518899994437,[],[],[],[]
15,/home/pi/sambashare/BacArbeit/randomized_iamges/15.jpg,0.37398568500066176,[],[],[],[]
16,/home/pi/sambashare/BacArbeit/randomized_iamges/16.jpg,0.3744098099996336,[],[],[],[]
17,/home/pi/sambashare/BacArbeit/randomized_iamges/17.jpg,0.37368479299766477,[],[],[],[]
18,/home/pi/sambashare/BacArbeit/randomized_iamges/18.jpg,0.3723525070017786,[],[],[],[]
19,/home/pi/sambashare/BacArbeit/randomized_iamges/19.jpg,0.3732724580040667,[],[],[],[]
20,/home/pi/sambashare/BacArbeit/randomized_iamges/20.jpg,0.37337523300084285,[],[],[],[]
21,/home/pi/sambashare/BacArbeit/randomized_iamges/21.jpg,0.37426102199970046,[],[],[],[]
22,/home/pi/sambashare/BacArbeit/randomized_iamges/22.jpg,0.37197142399963923,[],[],[],[]
23,/home/pi/sambashare/BacArbeit/randomized_iamges/23.jpg,0.37311028499971144,[],[],[],[]
24,/home/pi/sambashare/BacArbeit/randomized_iamges/24.jpg,0.37350861199956853,[],[],[],[]
25,/home/pi/sambashare/BacArbeit/randomized_iamges/25.jpg,0.3720089540001936,[],[],[],[]
26,/home/pi/sambashare/BacArbeit/randomized_iamges/26.jpg,0.373301204002928,[],[],[],[]
27,/home/pi/sambashare/BacArbeit/randomized_iamges/27.jpg,0.3741614329992444,[],[],[],[]
28,/home/pi/sambashare/BacArbeit/randomized_iamges/28.jpg,0.3728025729942601,[],[],[],[]
29,/home/pi/sambashare/BacArbeit/randomized_iamges/29.jpg,0.3735658970035729,[],[],[],[]
30,/home/pi/sambashare/BacArbeit/randomized_iamges/30.jpg,0.37211522000143304,[],[],[],[]
31,/home/pi/sambashare/BacArbeit/randomized_iamges/31.jpg,0.37358485699951416,[],[],[],[]
32,/home/pi/sambashare/BacArbeit/randomized_iamges/32.jpg,0.3735580749998917,[],[],[],[]
33,/home/pi/sambashare/BacArbeit/randomized_iamges/33.jpg,0.37398190399835585,[],[],[],[]
34,/home/pi/sambashare/BacArbeit/randomized_iamges/34.jpg,0.3746774900064338,[],[],[],[]
35,/home/pi/sambashare/BacArbeit/randomized_iamges/35.jpg,0.37180421099765226,[],[],[],[]
36,/home/pi/sambashare/BacArbeit/randomized_iamges/36.jpg,0.37346456900559133,[],[],[],[]
37,/home/pi/sambashare/BacArbeit/randomized_iamges/37.jpg,0.3742101160023594,[],[],[],[]
38,/home/pi/sambashare/BacArbeit/randomized_iamges/38.jpg,0.3734223230057978,[],[],[],[]
39,/home/pi/sambashare/BacArbeit/randomized_iamges/39.jpg,0.4084330740006408,[],[],[],[]
40,/home/pi/sambashare/BacArbeit/randomized_iamges/40.jpg,0.3726972860022215,[],[],[],[]
41,/home/pi/sambashare/BacArbeit/randomized_iamges/41.jpg,0.37406716399709694,[],[],[],[]
42,/home/pi/sambashare/BacArbeit/randomized_iamges/42.jpg,0.3729181879971293,[],[],[],[]
43,/home/pi/sambashare/BacArbeit/randomized_iamges/43.jpg,0.3734403119960916,[],[],[],[]
44,/home/pi/sambashare/BacArbeit/randomized_iamges/44.jpg,0.3742672489970573,[],[],[],[]
45,/home/pi/sambashare/BacArbeit/randomized_iamges/45.jpg,0.3884082290023798,[],[],[],[]
46,/home/pi/sambashare/BacArbeit/randomized_iamges/46.jpg,0.37359402700531064,[],[],[],[]
47,/home/pi/sambashare/BacArbeit/randomized_iamges/47.jpg,0.37506427300104406,[],[],[],[]
48,/home/pi/sambashare/BacArbeit/randomized_iamges/48.jpg,0.37234090200217906,[],[],[],[]
49,/home/pi/sambashare/BacArbeit/randomized_iamges/49.jpg,0.3723342539960868,[],[],[],[]
50,/home/pi/sambashare/BacArbeit/randomized_iamges/50.jpg,0.3725843209977029,[],[],[],[]
51,/home/pi/sambashare/BacArbeit/randomized_iamges/51.jpg,0.3743067510004039,[],[],[],[]
52,/home/pi/sambashare/BacArbeit/randomized_iamges/52.jpg,0.3746674880021601,[],[],[],[]
53,/home/pi/sambashare/BacArbeit/randomized_iamges/53.jpg,0.3736887509949156,[],[],[],[]
54,/home/pi/sambashare/BacArbeit/randomized_iamges/54.jpg,0.37324392099981196,[],[],[],[]
55,/home/pi/sambashare/BacArbeit/randomized_iamges/55.jpg,0.3742746689968044,[],[],[],[]
56,/home/pi/sambashare/BacArbeit/randomized_iamges/56.jpg,0.3736527090004529,[],[],[],[]
57,/home/pi/sambashare/BacArbeit/randomized_iamges/57.jpg,0.37304919499729294,[],[],[],[]
58,/home/pi/sambashare/BacArbeit/randomized_iamges/58.jpg,0.3731996339993202,[],[],[],[]
59,/home/pi/sambashare/BacArbeit/randomized_iamges/59.jpg,0.3735455009955331,[],[],[],[]
60,/home/pi/sambashare/BacArbeit/randomized_iamges/60.jpg,0.374709656003688,[],[],[],[]
61,/home/pi/sambashare/BacArbeit/randomized_iamges/61.jpg,0.37348603399732383,[],[],[],[]
62,/home/pi/sambashare/BacArbeit/randomized_iamges/62.jpg,0.37530483400041703,[],[],[],[]
63,/home/pi/sambashare/BacArbeit/randomized_iamges/63.jpg,0.37375752599473344,[],[],[],[]
64,/home/pi/sambashare/BacArbeit/randomized_iamges/64.jpg,0.37375226699805353,[],[],[],[]
65,/home/pi/sambashare/BacArbeit/randomized_iamges/65.jpg,0.37402009600191377,[],[],[],[]
66,/home/pi/sambashare/BacArbeit/randomized_iamges/66.jpg,0.373261803004425,[],[],[],[]
67,/home/pi/sambashare/BacArbeit/randomized_iamges/67.jpg,0.37550128500151914,[],[],[],[]
68,/home/pi/sambashare/BacArbeit/randomized_iamges/68.jpg,0.37282446899916977,[],[],[],[]
69,/home/pi/sambashare/BacArbeit/randomized_iamges/69.jpg,0.3737187380029354,[],[],[],[]
70,/home/pi/sambashare/BacArbeit/randomized_iamges/70.jpg,0.3738943290009047,[],[],[],[]
71,/home/pi/sambashare/BacArbeit/randomized_iamges/71.jpg,0.37465400300425244,[],[],[],[]
72,/home/pi/sambashare/BacArbeit/randomized_iamges/72.jpg,0.3734420320033678,[],[],[],[]
73,/home/pi/sambashare/BacArbeit/randomized_iamges/73.jpg,0.37272801600192906,[],[],[],[]
74,/home/pi/sambashare/BacArbeit/randomized_iamges/74.jpg,0.3731174740023562,[],[],[],[]
75,/home/pi/sambashare/BacArbeit/randomized_iamges/75.jpg,0.37506201400537975,[],[],[],[]
76,/home/pi/sambashare/BacArbeit/randomized_iamges/76.jpg,0.372422751999693,[],[],[],[]
77,/home/pi/sambashare/BacArbeit/randomized_iamges/77.jpg,0.3739081849998911,[],[],[],[]
78,/home/pi/sambashare/BacArbeit/randomized_iamges/78.jpg,0.3746147319980082,[],[],[],[]
79,/home/pi/sambashare/BacArbeit/randomized_iamges/79.jpg,0.3735611830052221,[],[],[],[]
80,/home/pi/sambashare/BacArbeit/randomized_iamges/80.jpg,0.3730882419986301,[],[],[],[]
81,/home/pi/sambashare/BacArbeit/randomized_iamges/81.jpg,0.3723374649998732,[],[],[],[]
82,/home/pi/sambashare/BacArbeit/randomized_iamges/82.jpg,0.3725473710001097,[],[],[],[]
83,/home/pi/sambashare/BacArbeit/randomized_iamges/83.jpg,0.37346036300004926,[],[],[],[]
84,/home/pi/sambashare/BacArbeit/randomized_iamges/84.jpg,0.3735329699993599,[],[],[],[]
85,/home/pi/sambashare/BacArbeit/randomized_iamges/85.jpg,0.3756601750064874,[],[],[],[]
86,/home/pi/sambashare/BacArbeit/randomized_iamges/86.jpg,0.37411823900038144,[],[],[],[]
87,/home/pi/sambashare/BacArbeit/randomized_iamges/87.jpg,0.37411538699961966,[],[],[],[]
88,/home/pi/sambashare/BacArbeit/randomized_iamges/88.jpg,0.3738079250033479,[],[],[],[]
89,/home/pi/sambashare/BacArbeit/randomized_iamges/89.jpg,0.37415462199714966,[],[],[],[]
90,/home/pi/sambashare/BacArbeit/randomized_iamges/90.jpg,0.37266980000276817,[],[],[],[]
91,/home/pi/sambashare/BacArbeit/randomized_iamges/91.jpg,0.37395162099710433,[],[],[],[]
92,/home/pi/sambashare/BacArbeit/randomized_iamges/92.jpg,0.37301133000437403,[],[],[],[]
93,/home/pi/sambashare/BacArbeit/randomized_iamges/93.jpg,0.3727515539940214,[],[],[],[]
94,/home/pi/sambashare/BacArbeit/randomized_iamges/94.jpg,0.3736968750017695,[],[],[],[]
95,/home/pi/sambashare/BacArbeit/randomized_iamges/95.jpg,0.3732930629994371,[],[],[],[]
96,/home/pi/sambashare/BacArbeit/randomized_iamges/96.jpg,0.3735311330019613,[],[],[],[]
97,/home/pi/sambashare/BacArbeit/randomized_iamges/97.jpg,0.37190207000094233,[],[],[],[]
98,/home/pi/sambashare/BacArbeit/randomized_iamges/98.jpg,0.3735237790024257,[],[],[],[]
99,/home/pi/sambashare/BacArbeit/randomized_iamges/99.jpg,0.3737083669984713,[],[],[],[]
100,/home/pi/sambashare/BacArbeit/randomized_iamges/100.jpg,0.37305387100059306,[],[],[],[]
101,/home/pi/sambashare/BacArbeit/randomized_iamges/101.jpg,0.37317466599779436,[],[],[],[]
102,/home/pi/sambashare/BacArbeit/randomized_iamges/102.jpg,0.3729112750006607,[],[],[],[]
103,/home/pi/sambashare/BacArbeit/randomized_iamges/103.jpg,0.37447537400294095,[],[],[],[]
104,/home/pi/sambashare/BacArbeit/randomized_iamges/104.jpg,0.37437107499863487,[],[],[],[]
105,/home/pi/sambashare/BacArbeit/randomized_iamges/105.jpg,0.3891960659966571,[],[],[],[]
106,/home/pi/sambashare/BacArbeit/randomized_iamges/106.jpg,0.37474029199802317,[],[],[],[]
107,/home/pi/sambashare/BacArbeit/randomized_iamges/107.jpg,0.37375703699945007,[],[],[],[]
108,/home/pi/sambashare/BacArbeit/randomized_iamges/108.jpg,0.3728349890006939,[],[],[],[]
109,/home/pi/sambashare/BacArbeit/randomized_iamges/109.jpg,0.3725627479943796,[],[],[],[]
110,/home/pi/sambashare/BacArbeit/randomized_iamges/110.jpg,0.3753205009998055,[],[],[],[]
111,/home/pi/sambashare/BacArbeit/randomized_iamges/111.jpg,0.37374323699623346,[],[],[],[]
112,/home/pi/sambashare/BacArbeit/randomized_iamges/112.jpg,0.3740227849993971,[],[],[],[]
113,/home/pi/sambashare/BacArbeit/randomized_iamges/113.jpg,0.37348019699857105,[],[],[],[]
114,/home/pi/sambashare/BacArbeit/randomized_iamges/114.jpg,0.3736763599954429,[],[],[],[]
115,/home/pi/sambashare/BacArbeit/randomized_iamges/115.jpg,0.37254149700311245,[],[],[],[]
116,/home/pi/sambashare/BacArbeit/randomized_iamges/116.jpg,0.3738408380013425,[],[],[],[]
117,/home/pi/sambashare/BacArbeit/randomized_iamges/117.jpg,0.37289524899824755,[],[],[],[]
118,/home/pi/sambashare/BacArbeit/randomized_iamges/118.jpg,0.37428825499955565,[],[],[],[]
119,/home/pi/sambashare/BacArbeit/randomized_iamges/119.jpg,0.37341165100224316,[],[],[],[]
120,/home/pi/sambashare/BacArbeit/randomized_iamges/120.jpg,0.3727802259963937,[],[],[],[]
121,/home/pi/sambashare/BacArbeit/randomized_iamges/121.jpg,0.37283463399944594,[],[],[],[]
122,/home/pi/sambashare/BacArbeit/randomized_iamges/122.jpg,0.3731393130001379,[],[],[],[]
123,/home/pi/sambashare/BacArbeit/randomized_iamges/123.jpg,0.3736936959976447,[],[],[],[]
124,/home/pi/sambashare/BacArbeit/randomized_iamges/124.jpg,0.37404630400124006,[],[],[],[]
125,/home/pi/sambashare/BacArbeit/randomized_iamges/125.jpg,0.37350882300233934,[],[],[],[]
126,/home/pi/sambashare/BacArbeit/randomized_iamges/126.jpg,0.37476951599819586,[],[],[],[]
127,/home/pi/sambashare/BacArbeit/randomized_iamges/127.jpg,0.37374768999870867,[],[],[],[]
128,/home/pi/sambashare/BacArbeit/randomized_iamges/128.jpg,0.37368687300477177,[],[],[],[]
129,/home/pi/sambashare/BacArbeit/randomized_iamges/129.jpg,0.3843864160007797,[],[],[],[]
130,/home/pi/sambashare/BacArbeit/randomized_iamges/130.jpg,0.3744947140003205,[],[],[],[]
131,/home/pi/sambashare/BacArbeit/randomized_iamges/131.jpg,0.37408140199841,[],[],[],[]
132,/home/pi/sambashare/BacArbeit/randomized_iamges/132.jpg,0.37387216199567774,[],[],[],[]
133,/home/pi/sambashare/BacArbeit/randomized_iamges/133.jpg,0.37305659200501395,[],[],[],[]
134,/home/pi/sambashare/BacArbeit/randomized_iamges/134.jpg,0.3728092050005216,[],[],[],[]
135,/home/pi/sambashare/BacArbeit/randomized_iamges/135.jpg,0.3745494469985715,[],[],[],[]
136,/home/pi/sambashare/BacArbeit/randomized_iamges/136.jpg,0.37623789600183954,[],[],[],[]
137,/home/pi/sambashare/BacArbeit/randomized_iamges/137.jpg,0.3750637560005998,[],[],[],[]
138,/home/pi/sambashare/BacArbeit/randomized_iamges/138.jpg,0.3737607630027924,[],[],[],[]
139,/home/pi/sambashare/BacArbeit/randomized_iamges/139.jpg,0.372781493999355,[],[],[],[]
140,/home/pi/sambashare/BacArbeit/randomized_iamges/140.jpg,0.3744361260032747,[],[],[],[]
141,/home/pi/sambashare/BacArbeit/randomized_iamges/141.jpg,0.37341511299746344,[],[],[],[]
142,/home/pi/sambashare/BacArbeit/randomized_iamges/142.jpg,0.3733253730024444,[],[],[],[]
143,/home/pi/sambashare/BacArbeit/randomized_iamges/143.jpg,0.3731447229947662,[],[],[],[]
144,/home/pi/sambashare/BacArbeit/randomized_iamges/144.jpg,0.3735230899983435,[],[],[],[]
145,/home/pi/sambashare/BacArbeit/randomized_iamges/145.jpg,0.37357608800084563,[],[],[],[]
146,/home/pi/sambashare/BacArbeit/randomized_iamges/146.jpg,0.37237276200175984,[],[],[],[]
147,/home/pi/sambashare/BacArbeit/randomized_iamges/147.jpg,0.37434098700032337,[],[],[],[]
148,/home/pi/sambashare/BacArbeit/randomized_iamges/148.jpg,0.37295381000149064,[],[],[],[]
149,/home/pi/sambashare/BacArbeit/randomized_iamges/149.jpg,0.3734214910000446,[],[],[],[]
150,/home/pi/sambashare/BacArbeit/randomized_iamges/150.jpg,0.3738411150043248,[],[],[],[]
151,/home/pi/sambashare/BacArbeit/randomized_iamges/151.jpg,0.37322813700302504,[],[],[],[]
152,/home/pi/sambashare/BacArbeit/randomized_iamges/152.jpg,0.3733970239991322,[],[],[],[]
153,/home/pi/sambashare/BacArbeit/randomized_iamges/153.jpg,0.3736977040025522,[],[],[],[]
154,/home/pi/sambashare/BacArbeit/randomized_iamges/154.jpg,0.37431421599467285,[],[],[],[]
155,/home/pi/sambashare/BacArbeit/randomized_iamges/155.jpg,0.37368584999785526,[],[],[],[]
156,/home/pi/sambashare/BacArbeit/randomized_iamges/156.jpg,0.37471144900337094,[],[],[],[]
157,/home/pi/sambashare/BacArbeit/randomized_iamges/157.jpg,0.37367667999933474,[],[],[],[]
158,/home/pi/sambashare/BacArbeit/randomized_iamges/158.jpg,0.3740337869967334,[],[],[],[]
159,/home/pi/sambashare/BacArbeit/randomized_iamges/159.jpg,0.3782264170004055,[],[],[],[]
160,/home/pi/sambashare/BacArbeit/randomized_iamges/160.jpg,0.3738644709956134,[],[],[],[]
161,/home/pi/sambashare/BacArbeit/randomized_iamges/161.jpg,0.3736829690024024,[],[],[],[]
162,/home/pi/sambashare/BacArbeit/randomized_iamges/162.jpg,0.37405246600246755,[],[],[],[]
163,/home/pi/sambashare/BacArbeit/randomized_iamges/163.jpg,0.3748142909971648,[],[],[],[]
164,/home/pi/sambashare/BacArbeit/randomized_iamges/164.jpg,0.38070911099930527,[],[],[],[]
165,/home/pi/sambashare/BacArbeit/randomized_iamges/165.jpg,0.374219182995148,[],[],[],[]
166,/home/pi/sambashare/BacArbeit/randomized_iamges/166.jpg,0.3810685670032399,[],[],[],[]
167,/home/pi/sambashare/BacArbeit/randomized_iamges/167.jpg,0.3730734290002147,[],[],[],[]
168,/home/pi/sambashare/BacArbeit/randomized_iamges/168.jpg,0.3772850230016047,[],[],[],[]
169,/home/pi/sambashare/BacArbeit/randomized_iamges/169.jpg,0.3733327570007532,[],[],[],[]
170,/home/pi/sambashare/BacArbeit/randomized_iamges/170.jpg,0.3747750049951719,[],[],[],[]
171,/home/pi/sambashare/BacArbeit/randomized_iamges/171.jpg,0.37415907999820774,[],[],[],[]
172,/home/pi/sambashare/BacArbeit/randomized_iamges/172.jpg,0.37303768100537127,[],[],[],[]
173,/home/pi/sambashare/BacArbeit/randomized_iamges/173.jpg,0.3735713799978839,[],[],[],[]
174,/home/pi/sambashare/BacArbeit/randomized_iamges/174.jpg,0.3726519029951305,[],[],[],[]
175,/home/pi/sambashare/BacArbeit/randomized_iamges/175.jpg,0.3749001620017225,[],[],[],[]
176,/home/pi/sambashare/BacArbeit/randomized_iamges/176.jpg,0.3746081999997841,[],[],[],[]
177,/home/pi/sambashare/BacArbeit/randomized_iamges/177.jpg,0.3738342969954829,[],[],[],[]
178,/home/pi/sambashare/BacArbeit/randomized_iamges/178.jpg,0.37317895099840825,[],[],[],[]
179,/home/pi/sambashare/BacArbeit/randomized_iamges/179.jpg,0.37874221600213787,[],[],[],[]
180,/home/pi/sambashare/BacArbeit/randomized_iamges/180.jpg,0.37621612600196386,[],[],[],[]
181,/home/pi/sambashare/BacArbeit/randomized_iamges/181.jpg,0.3763495489984052,[],[],[],[]
182,/home/pi/sambashare/BacArbeit/randomized_iamges/182.jpg,0.3729775370011339,[],[],[],[]
183,/home/pi/sambashare/BacArbeit/randomized_iamges/183.jpg,0.3741613239981234,[],[],[],[]
184,/home/pi/sambashare/BacArbeit/randomized_iamges/184.jpg,0.373454104999837,[],[],[],[]
185,/home/pi/sambashare/BacArbeit/randomized_iamges/185.jpg,0.373638769997342,[],[],[],[]
186,/home/pi/sambashare/BacArbeit/randomized_iamges/186.jpg,0.37351217700052075,[],[],[],[]
187,/home/pi/sambashare/BacArbeit/randomized_iamges/187.jpg,0.3741434840048896,[],[],[],[]
188,/home/pi/sambashare/BacArbeit/randomized_iamges/188.jpg,0.37421553899912396,[],[],[],[]
189,/home/pi/sambashare/BacArbeit/randomized_iamges/189.jpg,0.3739041869994253,[],[],[],[]
190,/home/pi/sambashare/BacArbeit/randomized_iamges/190.jpg,0.37398907500028145,[],[],[],[]
191,/home/pi/sambashare/BacArbeit/randomized_iamges/191.jpg,0.3739774249988841,[],[],[],[]
192,/home/pi/sambashare/BacArbeit/randomized_iamges/192.jpg,0.3740659589966526,[],[],[],[]
193,/home/pi/sambashare/BacArbeit/randomized_iamges/193.jpg,0.3740875329967821,[],[],[],[]
194,/home/pi/sambashare/BacArbeit/randomized_iamges/194.jpg,0.37460674899921287,[],[],[],[]
195,/home/pi/sambashare/BacArbeit/randomized_iamges/195.jpg,0.3736697729982552,[],[],[],[]
196,/home/pi/sambashare/BacArbeit/randomized_iamges/196.jpg,0.37477283900079783,[],[],[],[]
197,/home/pi/sambashare/BacArbeit/randomized_iamges/197.jpg,0.37406239599658875,[],[],[],[]
198,/home/pi/sambashare/BacArbeit/randomized_iamges/198.jpg,0.37500011100200936,[],[],[],[]
199,/home/pi/sambashare/BacArbeit/randomized_iamges/199.jpg,0.3734036410023691,[],[],[],[]
200,/home/pi/sambashare/BacArbeit/randomized_iamges/200.jpg,0.3754674560041167,[],[],[],[]
201,/home/pi/sambashare/BacArbeit/randomized_iamges/201.jpg,0.37414931800594786,[],[],[],[]
202,/home/pi/sambashare/BacArbeit/randomized_iamges/202.jpg,0.3732900079994579,[],[],[],[]
203,/home/pi/sambashare/BacArbeit/randomized_iamges/203.jpg,0.3735096529999282,[],[],[],[]
204,/home/pi/sambashare/BacArbeit/randomized_iamges/204.jpg,0.37348633800138487,[],[],[],[]
205,/home/pi/sambashare/BacArbeit/randomized_iamges/205.jpg,0.37292372999945655,[],[],[],[]
206,/home/pi/sambashare/BacArbeit/randomized_iamges/206.jpg,0.37452873500296846,[],[],[],[]
207,/home/pi/sambashare/BacArbeit/randomized_iamges/207.jpg,0.37593709099746775,[],[],[],[]
208,/home/pi/sambashare/BacArbeit/randomized_iamges/208.jpg,0.3737724230013555,[],[],[],[]
209,/home/pi/sambashare/BacArbeit/randomized_iamges/209.jpg,0.37428036199708004,[],[],[],[]
210,/home/pi/sambashare/BacArbeit/randomized_iamges/210.jpg,0.37291951900260756,[],[],[],[]
211,/home/pi/sambashare/BacArbeit/randomized_iamges/211.jpg,0.3733364419967984,[],[],[],[]
212,/home/pi/sambashare/BacArbeit/randomized_iamges/212.jpg,0.3734902900032466,[],[],[],[]
213,/home/pi/sambashare/BacArbeit/randomized_iamges/213.jpg,0.37351182499696733,[],[],[],[]
214,/home/pi/sambashare/BacArbeit/randomized_iamges/214.jpg,0.37476179599616444,[],[],[],[]
215,/home/pi/sambashare/BacArbeit/randomized_iamges/215.jpg,0.3733369540059357,[],[],[],[]
216,/home/pi/sambashare/BacArbeit/randomized_iamges/216.jpg,0.37329060200136155,[],[],[],[]
217,/home/pi/sambashare/BacArbeit/randomized_iamges/217.jpg,0.3748377910014824,[],[],[],[]
218,/home/pi/sambashare/BacArbeit/randomized_iamges/218.jpg,0.3746810680022463,[],[],[],[]
219,/home/pi/sambashare/BacArbeit/randomized_iamges/219.jpg,0.3748640490011894,[],[],[],[]
220,/home/pi/sambashare/BacArbeit/randomized_iamges/220.jpg,0.3732515779993264,[],[],[],[]
221,/home/pi/sambashare/BacArbeit/randomized_iamges/221.jpg,0.3755422250033007,[],[],[],[]
222,/home/pi/sambashare/BacArbeit/randomized_iamges/222.jpg,0.37346492600045167,[],[],[],[]
223,/home/pi/sambashare/BacArbeit/randomized_iamges/223.jpg,0.37364049600000726,[],[],[],[]
224,/home/pi/sambashare/BacArbeit/randomized_iamges/224.jpg,0.37250641400169116,[],[],[],[]
225,/home/pi/sambashare/BacArbeit/randomized_iamges/225.jpg,0.3743323029993917,[],[],[],[]
226,/home/pi/sambashare/BacArbeit/randomized_iamges/226.jpg,0.37354599500395125,[],[],[],[]
227,/home/pi/sambashare/BacArbeit/randomized_iamges/227.jpg,0.37424119200295536,[],[],[],[]
228,/home/pi/sambashare/BacArbeit/randomized_iamges/228.jpg,0.37399948799429694,[],[],[],[]
229,/home/pi/sambashare/BacArbeit/randomized_iamges/229.jpg,0.3745517790011945,[],[],[],[]
230,/home/pi/sambashare/BacArbeit/randomized_iamges/230.jpg,0.374336390006647,[],[],[],[]
231,/home/pi/sambashare/BacArbeit/randomized_iamges/231.jpg,0.37547482399531873,[],[],[],[]
232,/home/pi/sambashare/BacArbeit/randomized_iamges/232.jpg,0.3752060859987978,[],[],[],[]
233,/home/pi/sambashare/BacArbeit/randomized_iamges/233.jpg,0.3744227930001216,[],[],[],[]
234,/home/pi/sambashare/BacArbeit/randomized_iamges/234.jpg,0.375008640003216,[],[],[],[]
235,/home/pi/sambashare/BacArbeit/randomized_iamges/235.jpg,0.37437599599797977,[],[],[],[]
236,/home/pi/sambashare/BacArbeit/randomized_iamges/236.jpg,0.37324105899460847,[],[],[],[]
237,/home/pi/sambashare/BacArbeit/randomized_iamges/237.jpg,0.37456682499760063,[],[],[],[]
238,/home/pi/sambashare/BacArbeit/randomized_iamges/238.jpg,0.37312820499937516,[],[],[],[]
239,/home/pi/sambashare/BacArbeit/randomized_iamges/239.jpg,0.37378106999676675,[],[],[],[]
240,/home/pi/sambashare/BacArbeit/randomized_iamges/240.jpg,0.37290111399488524,[],[],[],[]
241,/home/pi/sambashare/BacArbeit/randomized_iamges/241.jpg,0.37369154900079593,[],[],[],[]
242,/home/pi/sambashare/BacArbeit/randomized_iamges/242.jpg,0.37360956799966516,[],[],[],[]
243,/home/pi/sambashare/BacArbeit/randomized_iamges/243.jpg,0.37461724300374044,[],[],[],[]
244,/home/pi/sambashare/BacArbeit/randomized_iamges/244.jpg,0.37254227800440276,[],[],[],[]
245,/home/pi/sambashare/BacArbeit/randomized_iamges/245.jpg,0.37365921199670993,[],[],[],[]
246,/home/pi/sambashare/BacArbeit/randomized_iamges/246.jpg,0.3737555429979693,[],[],[],[]
247,/home/pi/sambashare/BacArbeit/randomized_iamges/247.jpg,0.3749415689962916,[],[],[],[]
248,/home/pi/sambashare/BacArbeit/randomized_iamges/248.jpg,0.3727885309999692,[],[],[],[]
249,/home/pi/sambashare/BacArbeit/randomized_iamges/249.jpg,0.3741390369978035,[],[],[],[]
250,/home/pi/sambashare/BacArbeit/randomized_iamges/250.jpg,0.3739496859998326,[],[],[],[]
251,/home/pi/sambashare/BacArbeit/randomized_iamges/251.jpg,0.3733974290007609,[],[],[],[]
252,/home/pi/sambashare/BacArbeit/randomized_iamges/252.jpg,0.37240269700123463,[],[],[],[]
253,/home/pi/sambashare/BacArbeit/randomized_iamges/253.jpg,0.37453390000155196,[],[],[],[]
254,/home/pi/sambashare/BacArbeit/randomized_iamges/254.jpg,0.3728035039966926,[],[],[],[]
255,/home/pi/sambashare/BacArbeit/randomized_iamges/255.jpg,0.37426295499608386,[],[],[],[]
256,/home/pi/sambashare/BacArbeit/randomized_iamges/256.jpg,0.37316264800028875,[],[],[],[]
257,/home/pi/sambashare/BacArbeit/randomized_iamges/257.jpg,0.37353271799656795,[],[],[],[]
258,/home/pi/sambashare/BacArbeit/randomized_iamges/258.jpg,0.3743039699984365,[],[],[],[]
259,/home/pi/sambashare/BacArbeit/randomized_iamges/259.jpg,0.3737129549990641,[],[],[],[]
260,/home/pi/sambashare/BacArbeit/randomized_iamges/260.jpg,0.3740871180052636,[],[],[],[]
261,/home/pi/sambashare/BacArbeit/randomized_iamges/261.jpg,0.3733491780003533,[],[],[],[]
262,/home/pi/sambashare/BacArbeit/randomized_iamges/262.jpg,0.3723419629968703,[],[],[],[]
263,/home/pi/sambashare/BacArbeit/randomized_iamges/263.jpg,0.37348437999753514,[],[],[],[]
264,/home/pi/sambashare/BacArbeit/randomized_iamges/264.jpg,0.37353711699688574,[],[],[],[]
265,/home/pi/sambashare/BacArbeit/randomized_iamges/265.jpg,0.37425581400020747,[],[],[],[]
266,/home/pi/sambashare/BacArbeit/randomized_iamges/266.jpg,0.3743839789967751,[],[],[],[]
267,/home/pi/sambashare/BacArbeit/randomized_iamges/267.jpg,0.37388911100424593,[],[],[],[]
268,/home/pi/sambashare/BacArbeit/randomized_iamges/268.jpg,0.3742003669976839,[],[],[],[]
269,/home/pi/sambashare/BacArbeit/randomized_iamges/269.jpg,0.3736119820023305,[],[],[],[]
270,/home/pi/sambashare/BacArbeit/randomized_iamges/270.jpg,0.3741836249973858,[],[],[],[]
271,/home/pi/sambashare/BacArbeit/randomized_iamges/271.jpg,0.3744037699943874,[],[],[],[]
272,/home/pi/sambashare/BacArbeit/randomized_iamges/272.jpg,0.3730723900007433,[],[],[],[]
273,/home/pi/sambashare/BacArbeit/randomized_iamges/273.jpg,0.3743600460002199,[],[],[],[]
274,/home/pi/sambashare/BacArbeit/randomized_iamges/274.jpg,0.37304168500122614,[],[],[],[]
275,/home/pi/sambashare/BacArbeit/randomized_iamges/275.jpg,0.3750038529979065,[],[],[],[]
276,/home/pi/sambashare/BacArbeit/randomized_iamges/276.jpg,0.3742789699972491,[],[],[],[]
277,/home/pi/sambashare/BacArbeit/randomized_iamges/277.jpg,0.37417359800019767,[],[],[],[]
278,/home/pi/sambashare/BacArbeit/randomized_iamges/278.jpg,0.3740703210060019,[],[],[],[]
279,/home/pi/sambashare/BacArbeit/randomized_iamges/279.jpg,0.3734474550001323,[],[],[],[]
280,/home/pi/sambashare/BacArbeit/randomized_iamges/280.jpg,0.3729822159948526,[],[],[],[]
281,/home/pi/sambashare/BacArbeit/randomized_iamges/281.jpg,0.3740811140014557,[],[],[],[]
282,/home/pi/sambashare/BacArbeit/randomized_iamges/282.jpg,0.3784038710000459,[],[],[],[]
283,/home/pi/sambashare/BacArbeit/randomized_iamges/283.jpg,0.3734563399993931,[],[],[],[]
284,/home/pi/sambashare/BacArbeit/randomized_iamges/284.jpg,0.37521826699958183,[],[],[],[]
285,/home/pi/sambashare/BacArbeit/randomized_iamges/285.jpg,0.3735534470033599,[],[],[],[]
286,/home/pi/sambashare/BacArbeit/randomized_iamges/286.jpg,0.37299256299593253,[],[],[],[]
287,/home/pi/sambashare/BacArbeit/randomized_iamges/287.jpg,0.3735650560047361,[],[],[],[]
288,/home/pi/sambashare/BacArbeit/randomized_iamges/288.jpg,0.37464478699985193,[],[],[],[]
289,/home/pi/sambashare/BacArbeit/randomized_iamges/289.jpg,0.37465513800270855,[],[],[],[]
290,/home/pi/sambashare/BacArbeit/randomized_iamges/290.jpg,0.3734940719950828,[],[],[],[]
291,/home/pi/sambashare/BacArbeit/randomized_iamges/291.jpg,0.3735060529943439,[],[],[],[]
292,/home/pi/sambashare/BacArbeit/randomized_iamges/292.jpg,0.37388677099806955,[],[],[],[]
293,/home/pi/sambashare/BacArbeit/randomized_iamges/293.jpg,0.3739332879995345,[],[],[],[]
294,/home/pi/sambashare/BacArbeit/randomized_iamges/294.jpg,0.3733701809978811,[],[],[],[]
295,/home/pi/sambashare/BacArbeit/randomized_iamges/295.jpg,0.3738274530041963,[],[],[],[]
296,/home/pi/sambashare/BacArbeit/randomized_iamges/296.jpg,0.3728682569999364,[],[],[],[]
297,/home/pi/sambashare/BacArbeit/randomized_iamges/297.jpg,0.37881850100529846,[],[],[],[]
298,/home/pi/sambashare/BacArbeit/randomized_iamges/298.jpg,0.3738973010040354,[],[],[],[]
299,/home/pi/sambashare/BacArbeit/randomized_iamges/299.jpg,0.3751397910018568,[],[],[],[]
300,/home/pi/sambashare/BacArbeit/randomized_iamges/300.jpg,0.37120319200039376,[],[],[],[]
301,/home/pi/sambashare/BacArbeit/randomized_iamges/301.jpg,0.37474140300037106,[],[],[],[]
302,/home/pi/sambashare/BacArbeit/randomized_iamges/302.jpg,0.3747427529960987,[],[],[],[]
303,/home/pi/sambashare/BacArbeit/randomized_iamges/303.jpg,0.373713704997499,[],[],[],[]
304,/home/pi/sambashare/BacArbeit/randomized_iamges/304.jpg,0.37296643400623,[],[],[],[]
305,/home/pi/sambashare/BacArbeit/randomized_iamges/305.jpg,0.37361831499583786,[],[],[],[]
306,/home/pi/sambashare/BacArbeit/randomized_iamges/306.jpg,0.37272369299898855,[],[],[],[]
307,/home/pi/sambashare/BacArbeit/randomized_iamges/307.jpg,0.37408540199976414,[],[],[],[]
308,/home/pi/sambashare/BacArbeit/randomized_iamges/308.jpg,0.3736021829972742,[],[],[],[]
309,/home/pi/sambashare/BacArbeit/randomized_iamges/309.jpg,0.3738702920018113,[],[],[],[]
310,/home/pi/sambashare/BacArbeit/randomized_iamges/310.jpg,0.3761462700058473,[],[],[],[]
311,/home/pi/sambashare/BacArbeit/randomized_iamges/311.jpg,0.3741323430003831,[],[],[],[]
312,/home/pi/sambashare/BacArbeit/randomized_iamges/312.jpg,0.3746845600035158,[],[],[],[]
313,/home/pi/sambashare/BacArbeit/randomized_iamges/313.jpg,0.37387232400215,[],[],[],[]
314,/home/pi/sambashare/BacArbeit/randomized_iamges/314.jpg,0.37412458100152435,[],[],[],[]
315,/home/pi/sambashare/BacArbeit/randomized_iamges/315.jpg,0.3742553560005035,[],[],[],[]
316,/home/pi/sambashare/BacArbeit/randomized_iamges/316.jpg,0.37352189899684163,[],[],[],[]
317,/home/pi/sambashare/BacArbeit/randomized_iamges/317.jpg,0.3738881550016231,[],[],[],[]
318,/home/pi/sambashare/BacArbeit/randomized_iamges/318.jpg,0.37424729699705495,[],[],[],[]
319,/home/pi/sambashare/BacArbeit/randomized_iamges/319.jpg,0.37313745499704964,[],[],[],[]
320,/home/pi/sambashare/BacArbeit/randomized_iamges/320.jpg,0.37384320700220997,[],[],[],[]
321,/home/pi/sambashare/BacArbeit/randomized_iamges/321.jpg,0.37350795000384096,[],[],[],[]
322,/home/pi/sambashare/BacArbeit/randomized_iamges/322.jpg,0.3739704640029231,[],[],[],[]
323,/home/pi/sambashare/BacArbeit/randomized_iamges/323.jpg,0.37370583500160137,[],[],[],[]
324,/home/pi/sambashare/BacArbeit/randomized_iamges/324.jpg,0.3804387760028476,[],[],[],[]
325,/home/pi/sambashare/BacArbeit/randomized_iamges/325.jpg,0.3754767630016431,[],[],[],[]
326,/home/pi/sambashare/BacArbeit/randomized_iamges/326.jpg,0.37267115600116085,[],[],[],[]
327,/home/pi/sambashare/BacArbeit/randomized_iamges/327.jpg,0.3735189260041807,[],[],[],[]
328,/home/pi/sambashare/BacArbeit/randomized_iamges/328.jpg,0.3733868139970582,[],[],[],[]
329,/home/pi/sambashare/BacArbeit/randomized_iamges/329.jpg,0.37382718099979684,[],[],[],[]
330,/home/pi/sambashare/BacArbeit/randomized_iamges/330.jpg,0.37390255000354955,[],[],[],[]
331,/home/pi/sambashare/BacArbeit/randomized_iamges/331.jpg,0.3733843490044819,[],[],[],[]
332,/home/pi/sambashare/BacArbeit/randomized_iamges/332.jpg,0.3735631059971638,[],[],[],[]
333,/home/pi/sambashare/BacArbeit/randomized_iamges/333.jpg,0.3742997109948192,[],[],[],[]
334,/home/pi/sambashare/BacArbeit/randomized_iamges/334.jpg,0.3738878610020038,[],[],[],[]
335,/home/pi/sambashare/BacArbeit/randomized_iamges/335.jpg,0.3752477939997334,[],[],[],[]
336,/home/pi/sambashare/BacArbeit/randomized_iamges/336.jpg,0.37545139999565436,[],[],[],[]
337,/home/pi/sambashare/BacArbeit/randomized_iamges/337.jpg,0.373847228998784,[],[],[],[]
338,/home/pi/sambashare/BacArbeit/randomized_iamges/338.jpg,0.37449429700063774,[],[],[],[]
339,/home/pi/sambashare/BacArbeit/randomized_iamges/339.jpg,0.3723945730016567,[],[],[],[]
340,/home/pi/sambashare/BacArbeit/randomized_iamges/340.jpg,0.37339421300566755,[],[],[],[]
341,/home/pi/sambashare/BacArbeit/randomized_iamges/341.jpg,0.3734644700016361,[],[],[],[]
342,/home/pi/sambashare/BacArbeit/randomized_iamges/342.jpg,0.3732184899999993,[],[],[],[]
343,/home/pi/sambashare/BacArbeit/randomized_iamges/343.jpg,0.37560933899658266,[],[],[],[]
344,/home/pi/sambashare/BacArbeit/randomized_iamges/344.jpg,0.37432282899681013,[],[],[],[]
345,/home/pi/sambashare/BacArbeit/randomized_iamges/345.jpg,0.37388331499823835,[],[],[],[]
346,/home/pi/sambashare/BacArbeit/randomized_iamges/346.jpg,0.3744927160005318,[],[],[],[]
347,/home/pi/sambashare/BacArbeit/randomized_iamges/347.jpg,0.37308209700131556,[],[],[],[]
348,/home/pi/sambashare/BacArbeit/randomized_iamges/348.jpg,0.37525733800430316,[],[],[],[]
349,/home/pi/sambashare/BacArbeit/randomized_iamges/349.jpg,0.37298120799823664,[],[],[],[]
350,/home/pi/sambashare/BacArbeit/randomized_iamges/350.jpg,0.3754110939989914,[],[],[],[]
351,/home/pi/sambashare/BacArbeit/randomized_iamges/351.jpg,0.3732810369983781,[],[],[],[]
352,/home/pi/sambashare/BacArbeit/randomized_iamges/352.jpg,0.37399088199890684,[],[],[],[]
353,/home/pi/sambashare/BacArbeit/randomized_iamges/353.jpg,0.3743831930041779,[],[],[],[]
354,/home/pi/sambashare/BacArbeit/randomized_iamges/354.jpg,0.37343073599913623,[],[],[],[]
355,/home/pi/sambashare/BacArbeit/randomized_iamges/355.jpg,0.3743179320008494,[],[],[],[]
356,/home/pi/sambashare/BacArbeit/randomized_iamges/356.jpg,0.37403291500231717,[],[],[],[]
357,/home/pi/sambashare/BacArbeit/randomized_iamges/357.jpg,0.3733518640001421,[],[],[],[]
358,/home/pi/sambashare/BacArbeit/randomized_iamges/358.jpg,0.37390737800160423,[],[],[],[]
359,/home/pi/sambashare/BacArbeit/randomized_iamges/359.jpg,0.3726880909962347,[],[],[],[]
360,/home/pi/sambashare/BacArbeit/randomized_iamges/360.jpg,0.37340889900224283,[],[],[],[]
361,/home/pi/sambashare/BacArbeit/randomized_iamges/361.jpg,0.3736949329977506,[],[],[],[]
362,/home/pi/sambashare/BacArbeit/randomized_iamges/362.jpg,0.373402712000825,[],[],[],[]
363,/home/pi/sambashare/BacArbeit/randomized_iamges/363.jpg,0.37272453300101915,[],[],[],[]
364,/home/pi/sambashare/BacArbeit/randomized_iamges/364.jpg,0.37301525099610444,[],[],[],[]
365,/home/pi/sambashare/BacArbeit/randomized_iamges/365.jpg,0.37380929900245974,[],[],[],[]
366,/home/pi/sambashare/BacArbeit/randomized_iamges/366.jpg,0.37250081000092905,[],[],[],[]
367,/home/pi/sambashare/BacArbeit/randomized_iamges/367.jpg,0.3742874590025167,[],[],[],[]
368,/home/pi/sambashare/BacArbeit/randomized_iamges/368.jpg,0.37498093400063226,[],[],[],[]
369,/home/pi/sambashare/BacArbeit/randomized_iamges/369.jpg,0.37417531100072665,[],[],[],[]
370,/home/pi/sambashare/BacArbeit/randomized_iamges/370.jpg,0.37334866899618646,[],[],[],[]
371,/home/pi/sambashare/BacArbeit/randomized_iamges/371.jpg,0.3730563379940577,[],[],[],[]
372,/home/pi/sambashare/BacArbeit/randomized_iamges/372.jpg,0.3747098029998597,[],[],[],[]
373,/home/pi/sambashare/BacArbeit/randomized_iamges/373.jpg,0.37388149600155884,[],[],[],[]
374,/home/pi/sambashare/BacArbeit/randomized_iamges/374.jpg,0.4165579879991128,[],[],[],[]
375,/home/pi/sambashare/BacArbeit/randomized_iamges/375.jpg,0.3732670169993071,[],[],[],[]
376,/home/pi/sambashare/BacArbeit/randomized_iamges/376.jpg,0.3745557470028871,[],[],[],[]
377,/home/pi/sambashare/BacArbeit/randomized_iamges/377.jpg,0.3740112500017858,[],[],[],[]
378,/home/pi/sambashare/BacArbeit/randomized_iamges/378.jpg,0.3732470890026889,[],[],[],[]
379,/home/pi/sambashare/BacArbeit/randomized_iamges/379.jpg,0.37388808399555273,[],[],[],[]
380,/home/pi/sambashare/BacArbeit/randomized_iamges/380.jpg,0.37341432699759025,[],[],[],[]
381,/home/pi/sambashare/BacArbeit/randomized_iamges/381.jpg,0.3733803089999128,[],[],[],[]
382,/home/pi/sambashare/BacArbeit/randomized_iamges/382.jpg,0.37302671799989184,[],[],[],[]
383,/home/pi/sambashare/BacArbeit/randomized_iamges/383.jpg,0.3736870450011338,[],[],[],[]
384,/home/pi/sambashare/BacArbeit/randomized_iamges/384.jpg,0.373133789995336,[],[],[],[]
385,/home/pi/sambashare/BacArbeit/randomized_iamges/385.jpg,0.3735698400050751,[],[],[],[]
386,/home/pi/sambashare/BacArbeit/randomized_iamges/386.jpg,0.3732283799981815,[],[],[],[]
387,/home/pi/sambashare/BacArbeit/randomized_iamges/387.jpg,0.3753859900025418,[],[],[],[]
388,/home/pi/sambashare/BacArbeit/randomized_iamges/388.jpg,0.3730313250052859,[],[],[],[]
389,/home/pi/sambashare/BacArbeit/randomized_iamges/389.jpg,0.37398526100150775,[],[],[],[]
390,/home/pi/sambashare/BacArbeit/randomized_iamges/390.jpg,0.37344613399909576,[],[],[],[]
391,/home/pi/sambashare/BacArbeit/randomized_iamges/391.jpg,0.3736540210011299,[],[],[],[]
392,/home/pi/sambashare/BacArbeit/randomized_iamges/392.jpg,0.37346079999406356,[],[],[],[]
393,/home/pi/sambashare/BacArbeit/randomized_iamges/393.jpg,0.3740752930025337,[],[],[],[]
394,/home/pi/sambashare/BacArbeit/randomized_iamges/394.jpg,0.37371537100261776,[],[],[],[]
395,/home/pi/sambashare/BacArbeit/randomized_iamges/395.jpg,0.3736315369969816,[],[],[],[]
396,/home/pi/sambashare/BacArbeit/randomized_iamges/396.jpg,0.3739687920024153,[],[],[],[]
397,/home/pi/sambashare/BacArbeit/randomized_iamges/397.jpg,0.3735277590021724,[],[],[],[]
398,/home/pi/sambashare/BacArbeit/randomized_iamges/398.jpg,0.3730736510042334,[],[],[],[]
399,/home/pi/sambashare/BacArbeit/randomized_iamges/399.jpg,0.37392288300179644,[],[],[],[]
400,/home/pi/sambashare/BacArbeit/randomized_iamges/400.jpg,0.3731942960002925,[],[],[],[]
401,/home/pi/sambashare/BacArbeit/randomized_iamges/401.jpg,0.3734019969997462,[],[],[],[]
402,/home/pi/sambashare/BacArbeit/randomized_iamges/402.jpg,0.3737382710023667,[],[],[],[]
403,/home/pi/sambashare/BacArbeit/randomized_iamges/403.jpg,0.37249033599800896,[],[],[],[]
404,/home/pi/sambashare/BacArbeit/randomized_iamges/404.jpg,0.37375971500296146,[],[],[],[]
405,/home/pi/sambashare/BacArbeit/randomized_iamges/405.jpg,0.3746785019975505,[],[],[],[]
406,/home/pi/sambashare/BacArbeit/randomized_iamges/406.jpg,0.3741264130003401,[],[],[],[]
407,/home/pi/sambashare/BacArbeit/randomized_iamges/407.jpg,0.37479027699737344,[],[],[],[]
408,/home/pi/sambashare/BacArbeit/randomized_iamges/408.jpg,0.37339949200395495,[],[],[],[]
409,/home/pi/sambashare/BacArbeit/randomized_iamges/409.jpg,0.3728834770008689,[],[],[],[]
410,/home/pi/sambashare/BacArbeit/randomized_iamges/410.jpg,0.37365556299482705,[],[],[],[]
411,/home/pi/sambashare/BacArbeit/randomized_iamges/411.jpg,0.3726964959932957,[],[],[],[]
412,/home/pi/sambashare/BacArbeit/randomized_iamges/412.jpg,0.3740133360042819,[],[],[],[]
413,/home/pi/sambashare/BacArbeit/randomized_iamges/413.jpg,0.37481193900021026,[],[],[],[]
414,/home/pi/sambashare/BacArbeit/randomized_iamges/414.jpg,0.37316474999533966,[],[],[],[]
415,/home/pi/sambashare/BacArbeit/randomized_iamges/415.jpg,0.3741525920049753,[],[],[],[]
416,/home/pi/sambashare/BacArbeit/randomized_iamges/416.jpg,0.37367933599307435,[],[],[],[]
417,/home/pi/sambashare/BacArbeit/randomized_iamges/417.jpg,0.3749095279999892,[],[],[],[]
418,/home/pi/sambashare/BacArbeit/randomized_iamges/418.jpg,0.3733436519978568,[],[],[],[]
419,/home/pi/sambashare/BacArbeit/randomized_iamges/419.jpg,0.37376048100122716,[],[],[],[]
420,/home/pi/sambashare/BacArbeit/randomized_iamges/420.jpg,0.37462675199640216,[],[],[],[]
421,/home/pi/sambashare/BacArbeit/randomized_iamges/421.jpg,0.3733342609993997,[],[],[],[]
422,/home/pi/sambashare/BacArbeit/randomized_iamges/422.jpg,0.3747283039992908,[],[],[],[]
423,/home/pi/sambashare/BacArbeit/randomized_iamges/423.jpg,0.37446687999909045,[],[],[],[]
424,/home/pi/sambashare/BacArbeit/randomized_iamges/424.jpg,0.3736073870022665,[],[],[],[]
425,/home/pi/sambashare/BacArbeit/randomized_iamges/425.jpg,0.37342462899687234,[],[],[],[]
426,/home/pi/sambashare/BacArbeit/randomized_iamges/426.jpg,0.37391371600097045,[],[],[],[]
427,/home/pi/sambashare/BacArbeit/randomized_iamges/427.jpg,0.37368210600106977,[],[],[],[]
428,/home/pi/sambashare/BacArbeit/randomized_iamges/428.jpg,0.3748930020010448,[],[],[],[]
429,/home/pi/sambashare/BacArbeit/randomized_iamges/429.jpg,0.3741131930000847,[],[],[],[]
430,/home/pi/sambashare/BacArbeit/randomized_iamges/430.jpg,0.37408624999807216,[],[],[],[]
431,/home/pi/sambashare/BacArbeit/randomized_iamges/431.jpg,0.37452770699746907,[],[],[],[]
432,/home/pi/sambashare/BacArbeit/randomized_iamges/432.jpg,0.37407835900376085,[],[],[],[]
433,/home/pi/sambashare/BacArbeit/randomized_iamges/433.jpg,0.37442150399874663,[],[],[],[]
434,/home/pi/sambashare/BacArbeit/randomized_iamges/434.jpg,0.3728128129951074,[],[],[],[]
435,/home/pi/sambashare/BacArbeit/randomized_iamges/435.jpg,0.3735113439979614,[],[],[],[]
436,/home/pi/sambashare/BacArbeit/randomized_iamges/436.jpg,0.37314199400134385,[],[],[],[]
437,/home/pi/sambashare/BacArbeit/randomized_iamges/437.jpg,0.37328504800098017,[],[],[],[]
438,/home/pi/sambashare/BacArbeit/randomized_iamges/438.jpg,0.38536981100332923,[],[],[],[]
439,/home/pi/sambashare/BacArbeit/randomized_iamges/439.jpg,0.37559650700131897,[],[],[],[]
440,/home/pi/sambashare/BacArbeit/randomized_iamges/440.jpg,0.37474271900282474,[],[],[],[]
441,/home/pi/sambashare/BacArbeit/randomized_iamges/441.jpg,0.3732084530056454,[],[],[],[]
442,/home/pi/sambashare/BacArbeit/randomized_iamges/442.jpg,0.3734777649951866,[],[],[],[]
443,/home/pi/sambashare/BacArbeit/randomized_iamges/443.jpg,0.3770144189984421,[],[],[],[]
444,/home/pi/sambashare/BacArbeit/randomized_iamges/444.jpg,0.3736333359993296,[],[],[],[]
445,/home/pi/sambashare/BacArbeit/randomized_iamges/445.jpg,0.3726414199991268,[],[],[],[]
446,/home/pi/sambashare/BacArbeit/randomized_iamges/446.jpg,0.3740489610063378,[],[],[],[]
447,/home/pi/sambashare/BacArbeit/randomized_iamges/447.jpg,0.37301091499830363,[],[],[],[]
448,/home/pi/sambashare/BacArbeit/randomized_iamges/448.jpg,0.3732864299963694,[],[],[],[]
449,/home/pi/sambashare/BacArbeit/randomized_iamges/449.jpg,0.3744277890000376,[],[],[],[]
450,/home/pi/sambashare/BacArbeit/randomized_iamges/450.jpg,0.3738510719995247,[],[],[],[]
451,/home/pi/sambashare/BacArbeit/randomized_iamges/451.jpg,0.374377251995611,[],[],[],[]
452,/home/pi/sambashare/BacArbeit/randomized_iamges/452.jpg,0.3742024930033949,[],[],[],[]
453,/home/pi/sambashare/BacArbeit/randomized_iamges/453.jpg,0.37407508599426365,[],[],[],[]
454,/home/pi/sambashare/BacArbeit/randomized_iamges/454.jpg,0.37283507800020743,[],[],[],[]
455,/home/pi/sambashare/BacArbeit/randomized_iamges/455.jpg,0.3736323120028828,[],[],[],[]
456,/home/pi/sambashare/BacArbeit/randomized_iamges/456.jpg,0.3745295620028628,[],[],[],[]
457,/home/pi/sambashare/BacArbeit/randomized_iamges/457.jpg,0.3729175009939354,[],[],[],[]
458,/home/pi/sambashare/BacArbeit/randomized_iamges/458.jpg,0.3734579970041523,[],[],[],[]
459,/home/pi/sambashare/BacArbeit/randomized_iamges/459.jpg,0.37341288499737857,[],[],[],[]
460,/home/pi/sambashare/BacArbeit/randomized_iamges/460.jpg,0.37425856200570706,[],[],[],[]
461,/home/pi/sambashare/BacArbeit/randomized_iamges/461.jpg,0.37476105699897744,[],[],[],[]
462,/home/pi/sambashare/BacArbeit/randomized_iamges/462.jpg,0.37253202000283636,[],[],[],[]
463,/home/pi/sambashare/BacArbeit/randomized_iamges/463.jpg,0.37315894100174773,[],[],[],[]
464,/home/pi/sambashare/BacArbeit/randomized_iamges/464.jpg,0.3750570339980186,[],[],[],[]
465,/home/pi/sambashare/BacArbeit/randomized_iamges/465.jpg,0.3748454419983318,[],[],[],[]
466,/home/pi/sambashare/BacArbeit/randomized_iamges/466.jpg,0.37498749700171174,[],[],[],[]
467,/home/pi/sambashare/BacArbeit/randomized_iamges/467.jpg,0.37291673599975184,[],[],[],[]
468,/home/pi/sambashare/BacArbeit/randomized_iamges/468.jpg,0.3736989329991047,[],[],[],[]
469,/home/pi/sambashare/BacArbeit/randomized_iamges/469.jpg,0.3721545949956635,[],[],[],[]
470,/home/pi/sambashare/BacArbeit/randomized_iamges/470.jpg,0.3731262319997768,[],[],[],[]
471,/home/pi/sambashare/BacArbeit/randomized_iamges/471.jpg,0.37392863299464807,[],[],[],[]
472,/home/pi/sambashare/BacArbeit/randomized_iamges/472.jpg,0.37331919300049776,[],[],[],[]
473,/home/pi/sambashare/BacArbeit/randomized_iamges/473.jpg,0.37274986499687657,[],[],[],[]
474,/home/pi/sambashare/BacArbeit/randomized_iamges/474.jpg,0.37301947299420135,[],[],[],[]
475,/home/pi/sambashare/BacArbeit/randomized_iamges/475.jpg,0.3744712920015445,[],[],[],[]
476,/home/pi/sambashare/BacArbeit/randomized_iamges/476.jpg,0.3736098919980577,[],[],[],[]
477,/home/pi/sambashare/BacArbeit/randomized_iamges/477.jpg,0.3732839320000494,[],[],[],[]
478,/home/pi/sambashare/BacArbeit/randomized_iamges/478.jpg,0.37408825699822046,[],[],[],[]
479,/home/pi/sambashare/BacArbeit/randomized_iamges/479.jpg,0.37477102899720194,[],[],[],[]
480,/home/pi/sambashare/BacArbeit/randomized_iamges/480.jpg,0.37446865999663714,[],[],[],[]
481,/home/pi/sambashare/BacArbeit/randomized_iamges/481.jpg,0.37517935599316843,[],[],[],[]
482,/home/pi/sambashare/BacArbeit/randomized_iamges/482.jpg,0.3763382350007305,[],[],[],[]
483,/home/pi/sambashare/BacArbeit/randomized_iamges/483.jpg,0.3728577649962972,[],[],[],[]
484,/home/pi/sambashare/BacArbeit/randomized_iamges/484.jpg,0.37306946700118715,[],[],[],[]
485,/home/pi/sambashare/BacArbeit/randomized_iamges/485.jpg,0.3724528039965662,[],[],[],[]
486,/home/pi/sambashare/BacArbeit/randomized_iamges/486.jpg,0.3738357920010458,[],[],[],[]
487,/home/pi/sambashare/BacArbeit/randomized_iamges/487.jpg,0.3739243460004218,[],[],[],[]
488,/home/pi/sambashare/BacArbeit/randomized_iamges/488.jpg,0.37304935299471254,[],[],[],[]
489,/home/pi/sambashare/BacArbeit/randomized_iamges/489.jpg,0.37533070299832616,[],[],[],[]
490,/home/pi/sambashare/BacArbeit/randomized_iamges/490.jpg,0.3774036460017669,[],[],[],[]
491,/home/pi/sambashare/BacArbeit/randomized_iamges/491.jpg,0.3736796060038614,[],[],[],[]
492,/home/pi/sambashare/BacArbeit/randomized_iamges/492.jpg,0.37390471500111744,[],[],[],[]
493,/home/pi/sambashare/BacArbeit/randomized_iamges/493.jpg,0.37327229200309375,[],[],[],[]
494,/home/pi/sambashare/BacArbeit/randomized_iamges/494.jpg,0.3733082920007291,[],[],[],[]
495,/home/pi/sambashare/BacArbeit/randomized_iamges/495.jpg,0.373294402997999,[],[],[],[]
496,/home/pi/sambashare/BacArbeit/randomized_iamges/496.jpg,0.37431063399708364,[],[],[],[]
497,/home/pi/sambashare/BacArbeit/randomized_iamges/497.jpg,0.37395271100103855,[],[],[],[]
498,/home/pi/sambashare/BacArbeit/randomized_iamges/498.jpg,0.37328914200043073,[],[],[],[]
499,/home/pi/sambashare/BacArbeit/randomized_iamges/499.jpg,0.3738324329970055,[],[],[],[]
500,/home/pi/sambashare/BacArbeit/randomized_iamges/500.jpg,0.37400941300438717,[],[],[],[]
501,/home/pi/sambashare/BacArbeit/randomized_iamges/501.jpg,0.37470612700417405,[],[],[],[]
502,/home/pi/sambashare/BacArbeit/randomized_iamges/502.jpg,0.3733653809977113,[],[],[],[]
503,/home/pi/sambashare/BacArbeit/randomized_iamges/503.jpg,0.3738548930050456,[],[],[],[]
504,/home/pi/sambashare/BacArbeit/randomized_iamges/504.jpg,0.37336036000488093,[],[],[],[]
505,/home/pi/sambashare/BacArbeit/randomized_iamges/505.jpg,0.375069326000812,[],[],[],[]
506,/home/pi/sambashare/BacArbeit/randomized_iamges/506.jpg,0.3735933939969982,[],[],[],[]
507,/home/pi/sambashare/BacArbeit/randomized_iamges/507.jpg,0.37362898599531036,[],[],[],[]
508,/home/pi/sambashare/BacArbeit/randomized_iamges/508.jpg,0.3733583580033155,[],[],[],[]
509,/home/pi/sambashare/BacArbeit/randomized_iamges/509.jpg,0.3740763879977749,[],[],[],[]
510,/home/pi/sambashare/BacArbeit/randomized_iamges/510.jpg,0.3737538540008245,[],[],[],[]
511,/home/pi/sambashare/BacArbeit/randomized_iamges/511.jpg,0.37465569699998014,[],[],[],[]
512,/home/pi/sambashare/BacArbeit/randomized_iamges/512.jpg,0.3729637860014918,[],[],[],[]
513,/home/pi/sambashare/BacArbeit/randomized_iamges/513.jpg,0.37359168699913425,[],[],[],[]
514,/home/pi/sambashare/BacArbeit/randomized_iamges/514.jpg,0.37352061300043715,[],[],[],[]
515,/home/pi/sambashare/BacArbeit/randomized_iamges/515.jpg,0.37405445999320364,[],[],[],[]
516,/home/pi/sambashare/BacArbeit/randomized_iamges/516.jpg,0.37458763900212944,[],[],[],[]
517,/home/pi/sambashare/BacArbeit/randomized_iamges/517.jpg,0.3741300510009751,[],[],[],[]
518,/home/pi/sambashare/BacArbeit/randomized_iamges/518.jpg,0.3737945350003429,[],[],[],[]
519,/home/pi/sambashare/BacArbeit/randomized_iamges/519.jpg,0.3748862089996692,[],[],[],[]
520,/home/pi/sambashare/BacArbeit/randomized_iamges/520.jpg,0.3757724050010438,[],[],[],[]
521,/home/pi/sambashare/BacArbeit/randomized_iamges/521.jpg,0.37477728399971966,[],[],[],[]
522,/home/pi/sambashare/BacArbeit/randomized_iamges/522.jpg,0.3732015200002934,[],[],[],[]
523,/home/pi/sambashare/BacArbeit/randomized_iamges/523.jpg,0.3732980370041332,[],[],[],[]
524,/home/pi/sambashare/BacArbeit/randomized_iamges/524.jpg,0.37338416399870766,[],[],[],[]
525,/home/pi/sambashare/BacArbeit/randomized_iamges/525.jpg,0.37308672300423495,[],[],[],[]
526,/home/pi/sambashare/BacArbeit/randomized_iamges/526.jpg,0.3742581370024709,[],[],[],[]
527,/home/pi/sambashare/BacArbeit/randomized_iamges/527.jpg,0.37367566100147087,[],[],[],[]
528,/home/pi/sambashare/BacArbeit/randomized_iamges/528.jpg,0.37443694999819854,[],[],[],[]
529,/home/pi/sambashare/BacArbeit/randomized_iamges/529.jpg,0.37326199599920074,[],[],[],[]
530,/home/pi/sambashare/BacArbeit/randomized_iamges/530.jpg,0.375853843994264,[],[],[],[]
531,/home/pi/sambashare/BacArbeit/randomized_iamges/531.jpg,0.37408696999773383,[],[],[],[]
532,/home/pi/sambashare/BacArbeit/randomized_iamges/532.jpg,0.37270609300321667,[],[],[],[]
533,/home/pi/sambashare/BacArbeit/randomized_iamges/533.jpg,0.37373275000572903,[],[],[],[]
534,/home/pi/sambashare/BacArbeit/randomized_iamges/534.jpg,0.37360624999564607,[],[],[],[]
535,/home/pi/sambashare/BacArbeit/randomized_iamges/535.jpg,0.37325256899930537,[],[],[],[]
536,/home/pi/sambashare/BacArbeit/randomized_iamges/536.jpg,0.3726844249977148,[],[],[],[]
537,/home/pi/sambashare/BacArbeit/randomized_iamges/537.jpg,0.37385428300331114,[],[],[],[]
538,/home/pi/sambashare/BacArbeit/randomized_iamges/538.jpg,0.37553630599722965,[],[],[],[]
539,/home/pi/sambashare/BacArbeit/randomized_iamges/539.jpg,0.3733873239980312,[],[],[],[]
540,/home/pi/sambashare/BacArbeit/randomized_iamges/540.jpg,0.3737930979987141,[],[],[],[]
541,/home/pi/sambashare/BacArbeit/randomized_iamges/541.jpg,0.3742913710011635,[],[],[],[]
542,/home/pi/sambashare/BacArbeit/randomized_iamges/542.jpg,0.37285730900475755,[],[],[],[]
543,/home/pi/sambashare/BacArbeit/randomized_iamges/543.jpg,0.37580385700130137,[],[],[],[]
544,/home/pi/sambashare/BacArbeit/randomized_iamges/544.jpg,0.37415859299653675,[],[],[],[]
545,/home/pi/sambashare/BacArbeit/randomized_iamges/545.jpg,0.37369848499656655,[],[],[],[]
546,/home/pi/sambashare/BacArbeit/randomized_iamges/546.jpg,0.37302262100274675,[],[],[],[]
547,/home/pi/sambashare/BacArbeit/randomized_iamges/547.jpg,0.3741622949964949,[],[],[],[]
548,/home/pi/sambashare/BacArbeit/randomized_iamges/548.jpg,0.37331556100252783,[],[],[],[]
549,/home/pi/sambashare/BacArbeit/randomized_iamges/549.jpg,0.3749688600000809,[],[],[],[]
550,/home/pi/sambashare/BacArbeit/randomized_iamges/550.jpg,0.3735685209976509,[],[],[],[]
551,/home/pi/sambashare/BacArbeit/randomized_iamges/551.jpg,0.37371922400052426,[],[],[],[]
552,/home/pi/sambashare/BacArbeit/randomized_iamges/552.jpg,0.3737887960014632,[],[],[],[]
553,/home/pi/sambashare/BacArbeit/randomized_iamges/553.jpg,0.3748443980002776,[],[],[],[]
554,/home/pi/sambashare/BacArbeit/randomized_iamges/554.jpg,0.37458136300119804,[],[],[],[]
555,/home/pi/sambashare/BacArbeit/randomized_iamges/555.jpg,0.3741192539964686,[],[],[],[]
556,/home/pi/sambashare/BacArbeit/randomized_iamges/556.jpg,0.3739973299962003,[],[],[],[]
557,/home/pi/sambashare/BacArbeit/randomized_iamges/557.jpg,0.3746216569998069,[],[],[],[]
558,/home/pi/sambashare/BacArbeit/randomized_iamges/558.jpg,0.37289878300362034,[],[],[],[]
559,/home/pi/sambashare/BacArbeit/randomized_iamges/559.jpg,0.3733426489998237,[],[],[],[]
560,/home/pi/sambashare/BacArbeit/randomized_iamges/560.jpg,0.37276945000485284,[],[],[],[]
561,/home/pi/sambashare/BacArbeit/randomized_iamges/561.jpg,0.37405547500384273,[],[],[],[]
562,/home/pi/sambashare/BacArbeit/randomized_iamges/562.jpg,0.37298663199908333,[],[],[],[]
563,/home/pi/sambashare/BacArbeit/randomized_iamges/563.jpg,0.37271689300541766,[],[],[],[]
564,/home/pi/sambashare/BacArbeit/randomized_iamges/564.jpg,0.372601486997155,[],[],[],[]
565,/home/pi/sambashare/BacArbeit/randomized_iamges/565.jpg,0.37289507599780336,[],[],[],[]
566,/home/pi/sambashare/BacArbeit/randomized_iamges/566.jpg,0.3732954420047463,[],[],[],[]
567,/home/pi/sambashare/BacArbeit/randomized_iamges/567.jpg,0.3747113729987177,[],[],[],[]
568,/home/pi/sambashare/BacArbeit/randomized_iamges/568.jpg,0.3730225370018161,[],[],[],[]
569,/home/pi/sambashare/BacArbeit/randomized_iamges/569.jpg,0.37527981199673377,[],[],[],[]
570,/home/pi/sambashare/BacArbeit/randomized_iamges/570.jpg,0.37346782800159417,[],[],[],[]
571,/home/pi/sambashare/BacArbeit/randomized_iamges/571.jpg,0.37308894300076645,[],[],[],[]
572,/home/pi/sambashare/BacArbeit/randomized_iamges/572.jpg,0.3745173739953316,[],[],[],[]
573,/home/pi/sambashare/BacArbeit/randomized_iamges/573.jpg,0.37425231999804964,[],[],[],[]
574,/home/pi/sambashare/BacArbeit/randomized_iamges/574.jpg,0.37319508800283074,[],[],[],[]
575,/home/pi/sambashare/BacArbeit/randomized_iamges/575.jpg,0.3737725449973368,[],[],[],[]
576,/home/pi/sambashare/BacArbeit/randomized_iamges/576.jpg,0.37345665999600897,[],[],[],[]
577,/home/pi/sambashare/BacArbeit/randomized_iamges/577.jpg,0.3747746660010307,[],[],[],[]
578,/home/pi/sambashare/BacArbeit/randomized_iamges/578.jpg,0.3744187240008614,[],[],[],[]
579,/home/pi/sambashare/BacArbeit/randomized_iamges/579.jpg,0.37420600400218973,[],[],[],[]
580,/home/pi/sambashare/BacArbeit/randomized_iamges/580.jpg,0.37418539099599,[],[],[],[]
581,/home/pi/sambashare/BacArbeit/randomized_iamges/581.jpg,0.3739780600008089,[],[],[],[]
582,/home/pi/sambashare/BacArbeit/randomized_iamges/582.jpg,0.3757607099978486,[],[],[],[]
583,/home/pi/sambashare/BacArbeit/randomized_iamges/583.jpg,0.3739960399980191,[],[],[],[]
584,/home/pi/sambashare/BacArbeit/randomized_iamges/584.jpg,0.37368704300024547,[],[],[],[]
585,/home/pi/sambashare/BacArbeit/randomized_iamges/585.jpg,0.3737597450017347,[],[],[],[]
586,/home/pi/sambashare/BacArbeit/randomized_iamges/586.jpg,0.3721001859958051,[],[],[],[]
587,/home/pi/sambashare/BacArbeit/randomized_iamges/587.jpg,0.37318267600494437,[],[],[],[]
588,/home/pi/sambashare/BacArbeit/randomized_iamges/588.jpg,0.37336941399553325,[],[],[],[]
589,/home/pi/sambashare/BacArbeit/randomized_iamges/589.jpg,0.3725286810004036,[],[],[],[]
590,/home/pi/sambashare/BacArbeit/randomized_iamges/590.jpg,0.3728133999975398,[],[],[],[]
591,/home/pi/sambashare/BacArbeit/randomized_iamges/591.jpg,0.3724438099961844,[],[],[],[]
592,/home/pi/sambashare/BacArbeit/randomized_iamges/592.jpg,0.3732347839977592,[],[],[],[]
593,/home/pi/sambashare/BacArbeit/randomized_iamges/593.jpg,0.37562657699891133,[],[],[],[]
594,/home/pi/sambashare/BacArbeit/randomized_iamges/594.jpg,0.3736720939996303,[],[],[],[]
595,/home/pi/sambashare/BacArbeit/randomized_iamges/595.jpg,0.3736838160039042,[],[],[],[]
596,/home/pi/sambashare/BacArbeit/randomized_iamges/596.jpg,0.3742632549983682,[],[],[],[]
597,/home/pi/sambashare/BacArbeit/randomized_iamges/597.jpg,0.3739602569985436,[],[],[],[]
598,/home/pi/sambashare/BacArbeit/randomized_iamges/598.jpg,0.37318589300411986,[],[],[],[]
599,/home/pi/sambashare/BacArbeit/randomized_iamges/599.jpg,0.3741296619991772,[],[],[],[]
600,/home/pi/sambashare/BacArbeit/randomized_iamges/600.jpg,0.37526950299798045,[],[],[],[]
601,/home/pi/sambashare/BacArbeit/randomized_iamges/601.jpg,0.37366442500206176,[],[],[],[]
602,/home/pi/sambashare/BacArbeit/randomized_iamges/602.jpg,0.3731063930026721,[],[],[],[]
603,/home/pi/sambashare/BacArbeit/randomized_iamges/603.jpg,0.3739814020009362,[],[],[],[]
604,/home/pi/sambashare/BacArbeit/randomized_iamges/604.jpg,0.37761444300122093,[],[],[],[]
605,/home/pi/sambashare/BacArbeit/randomized_iamges/605.jpg,0.3763589919981314,[],[],[],[]
606,/home/pi/sambashare/BacArbeit/randomized_iamges/606.jpg,0.37269887600268703,[],[],[],[]
607,/home/pi/sambashare/BacArbeit/randomized_iamges/607.jpg,0.3730771500049741,[],[],[],[]
608,/home/pi/sambashare/BacArbeit/randomized_iamges/608.jpg,0.374429618997965,[],[],[],[]
609,/home/pi/sambashare/BacArbeit/randomized_iamges/609.jpg,0.37470702300197445,[],[],[],[]
610,/home/pi/sambashare/BacArbeit/randomized_iamges/610.jpg,0.3739217530019232,[],[],[],[]
611,/home/pi/sambashare/BacArbeit/randomized_iamges/611.jpg,0.37371408699982567,[],[],[],[]
612,/home/pi/sambashare/BacArbeit/randomized_iamges/612.jpg,0.3737766229969566,[],[],[],[]
613,/home/pi/sambashare/BacArbeit/randomized_iamges/613.jpg,0.37328147899825126,[],[],[],[]
614,/home/pi/sambashare/BacArbeit/randomized_iamges/614.jpg,0.3729079449985875,[],[],[],[]
615,/home/pi/sambashare/BacArbeit/randomized_iamges/615.jpg,0.37314305399922887,[],[],[],[]
616,/home/pi/sambashare/BacArbeit/randomized_iamges/616.jpg,0.37481255699822214,[],[],[],[]
617,/home/pi/sambashare/BacArbeit/randomized_iamges/617.jpg,0.3788786120057921,[],[],[],[]
618,/home/pi/sambashare/BacArbeit/randomized_iamges/618.jpg,0.3747230749941082,[],[],[],[]
619,/home/pi/sambashare/BacArbeit/randomized_iamges/619.jpg,0.37463146400114056,[],[],[],[]
620,/home/pi/sambashare/BacArbeit/randomized_iamges/620.jpg,0.37335367999912705,[],[],[],[]
621,/home/pi/sambashare/BacArbeit/randomized_iamges/621.jpg,0.37377330500021344,[],[],[],[]
622,/home/pi/sambashare/BacArbeit/randomized_iamges/622.jpg,0.3746481490015867,[],[],[],[]
623,/home/pi/sambashare/BacArbeit/randomized_iamges/623.jpg,0.3736956389984698,[],[],[],[]
624,/home/pi/sambashare/BacArbeit/randomized_iamges/624.jpg,0.3739079139995738,[],[],[],[]
625,/home/pi/sambashare/BacArbeit/randomized_iamges/625.jpg,0.3727958870003931,[],[],[],[]
626,/home/pi/sambashare/BacArbeit/randomized_iamges/626.jpg,0.37414909600192914,[],[],[],[]
627,/home/pi/sambashare/BacArbeit/randomized_iamges/627.jpg,0.373192344995914,[],[],[],[]
628,/home/pi/sambashare/BacArbeit/randomized_iamges/628.jpg,0.37412587399740005,[],[],[],[]
629,/home/pi/sambashare/BacArbeit/randomized_iamges/629.jpg,0.3735946550004883,[],[],[],[]
630,/home/pi/sambashare/BacArbeit/randomized_iamges/630.jpg,0.3723039630058338,[],[],[],[]
631,/home/pi/sambashare/BacArbeit/randomized_iamges/631.jpg,0.37340445399604505,[],[],[],[]
632,/home/pi/sambashare/BacArbeit/randomized_iamges/632.jpg,0.3737625610010582,[],[],[],[]
633,/home/pi/sambashare/BacArbeit/randomized_iamges/633.jpg,0.37428477800131077,[],[],[],[]
634,/home/pi/sambashare/BacArbeit/randomized_iamges/634.jpg,0.373439173999941,[],[],[],[]
635,/home/pi/sambashare/BacArbeit/randomized_iamges/635.jpg,0.37329723000584636,[],[],[],[]
636,/home/pi/sambashare/BacArbeit/randomized_iamges/636.jpg,0.37411770399921807,[],[],[],[]
637,/home/pi/sambashare/BacArbeit/randomized_iamges/637.jpg,0.37316850799834356,[],[],[],[]
638,/home/pi/sambashare/BacArbeit/randomized_iamges/638.jpg,0.3739848519981024,[],[],[],[]
639,/home/pi/sambashare/BacArbeit/randomized_iamges/639.jpg,0.3736741519969655,[],[],[],[]
640,/home/pi/sambashare/BacArbeit/randomized_iamges/640.jpg,0.37961094899947057,[],[],[],[]
641,/home/pi/sambashare/BacArbeit/randomized_iamges/641.jpg,0.37387066700466676,[],[],[],[]
642,/home/pi/sambashare/BacArbeit/randomized_iamges/642.jpg,0.3727810659984243,[],[],[],[]
643,/home/pi/sambashare/BacArbeit/randomized_iamges/643.jpg,0.3731880060004187,[],[],[],[]
644,/home/pi/sambashare/BacArbeit/randomized_iamges/644.jpg,0.37555057700228645,[],[],[],[]
645,/home/pi/sambashare/BacArbeit/randomized_iamges/645.jpg,0.3736132979975082,[],[],[],[]
646,/home/pi/sambashare/BacArbeit/randomized_iamges/646.jpg,0.3732355049942271,[],[],[],[]
647,/home/pi/sambashare/BacArbeit/randomized_iamges/647.jpg,0.37392242399801034,[],[],[],[]
648,/home/pi/sambashare/BacArbeit/randomized_iamges/648.jpg,0.3737089450005442,[],[],[],[]
649,/home/pi/sambashare/BacArbeit/randomized_iamges/649.jpg,0.37297567300265655,[],[],[],[]
650,/home/pi/sambashare/BacArbeit/randomized_iamges/650.jpg,0.37389233099384,[],[],[],[]
651,/home/pi/sambashare/BacArbeit/randomized_iamges/651.jpg,0.37372420300380327,[],[],[],[]
652,/home/pi/sambashare/BacArbeit/randomized_iamges/652.jpg,0.3730197449986008,[],[],[],[]
653,/home/pi/sambashare/BacArbeit/randomized_iamges/653.jpg,0.3730732629992417,[],[],[],[]
654,/home/pi/sambashare/BacArbeit/randomized_iamges/654.jpg,0.37227145599899814,[],[],[],[]
655,/home/pi/sambashare/BacArbeit/randomized_iamges/655.jpg,0.3735716279988992,[],[],[],[]
656,/home/pi/sambashare/BacArbeit/randomized_iamges/656.jpg,0.37501065200194716,[],[],[],[]
657,/home/pi/sambashare/BacArbeit/randomized_iamges/657.jpg,0.37385690300288843,[],[],[],[]
658,/home/pi/sambashare/BacArbeit/randomized_iamges/658.jpg,0.37299576200166484,[],[],[],[]
659,/home/pi/sambashare/BacArbeit/randomized_iamges/659.jpg,0.3752158339993912,[],[],[],[]
660,/home/pi/sambashare/BacArbeit/randomized_iamges/660.jpg,0.3740109560021665,[],[],[],[]
661,/home/pi/sambashare/BacArbeit/randomized_iamges/661.jpg,0.3748922250015312,[],[],[],[]
662,/home/pi/sambashare/BacArbeit/randomized_iamges/662.jpg,0.3728715769975679,[],[],[],[]
663,/home/pi/sambashare/BacArbeit/randomized_iamges/663.jpg,0.37330733200360555,[],[],[],[]
664,/home/pi/sambashare/BacArbeit/randomized_iamges/664.jpg,0.3742124709970085,[],[],[],[]
665,/home/pi/sambashare/BacArbeit/randomized_iamges/665.jpg,0.37241887699929066,[],[],[],[]
666,/home/pi/sambashare/BacArbeit/randomized_iamges/666.jpg,0.37367479099339107,[],[],[],[]
667,/home/pi/sambashare/BacArbeit/randomized_iamges/667.jpg,0.3734722369990777,[],[],[],[]
668,/home/pi/sambashare/BacArbeit/randomized_iamges/668.jpg,0.3734976990017458,[],[],[],[]
669,/home/pi/sambashare/BacArbeit/randomized_iamges/669.jpg,0.37442935700528324,[],[],[],[]
670,/home/pi/sambashare/BacArbeit/randomized_iamges/670.jpg,0.37351493899768684,[],[],[],[]
671,/home/pi/sambashare/BacArbeit/randomized_iamges/671.jpg,0.37360630799958017,[],[],[],[]
672,/home/pi/sambashare/BacArbeit/randomized_iamges/672.jpg,0.37418250599876046,[],[],[],[]
673,/home/pi/sambashare/BacArbeit/randomized_iamges/673.jpg,0.3731389599997783,[],[],[],[]
674,/home/pi/sambashare/BacArbeit/randomized_iamges/674.jpg,0.3731997560025775,[],[],[],[]
675,/home/pi/sambashare/BacArbeit/randomized_iamges/675.jpg,0.3732628849975299,[],[],[],[]
676,/home/pi/sambashare/BacArbeit/randomized_iamges/676.jpg,0.3740455240040319,[],[],[],[]
677,/home/pi/sambashare/BacArbeit/randomized_iamges/677.jpg,0.3744947619998129,[],[],[],[]
678,/home/pi/sambashare/BacArbeit/randomized_iamges/678.jpg,0.3726991479998105,[],[],[],[]
679,/home/pi/sambashare/BacArbeit/randomized_iamges/679.jpg,0.3743972060037777,[],[],[],[]
680,/home/pi/sambashare/BacArbeit/randomized_iamges/680.jpg,0.3736289169974043,[],[],[],[]
681,/home/pi/sambashare/BacArbeit/randomized_iamges/681.jpg,0.37303608799993526,[],[],[],[]
682,/home/pi/sambashare/BacArbeit/randomized_iamges/682.jpg,0.3737471740023466,[],[],[],[]
683,/home/pi/sambashare/BacArbeit/randomized_iamges/683.jpg,0.3732000119998702,[],[],[],[]
684,/home/pi/sambashare/BacArbeit/randomized_iamges/684.jpg,0.37540191799780587,[],[],[],[]
685,/home/pi/sambashare/BacArbeit/randomized_iamges/685.jpg,0.37411704000260215,[],[],[],[]
686,/home/pi/sambashare/BacArbeit/randomized_iamges/686.jpg,0.37404324400267797,[],[],[],[]
687,/home/pi/sambashare/BacArbeit/randomized_iamges/687.jpg,0.37417401999846334,[],[],[],[]
688,/home/pi/sambashare/BacArbeit/randomized_iamges/688.jpg,0.3748757349967491,[],[],[],[]
689,/home/pi/sambashare/BacArbeit/randomized_iamges/689.jpg,0.372387814000831,[],[],[],[]
690,/home/pi/sambashare/BacArbeit/randomized_iamges/690.jpg,0.3745278310016147,[],[],[],[]
691,/home/pi/sambashare/BacArbeit/randomized_iamges/691.jpg,0.37292041999899084,[],[],[],[]
692,/home/pi/sambashare/BacArbeit/randomized_iamges/692.jpg,0.37382135599909816,[],[],[],[]
693,/home/pi/sambashare/BacArbeit/randomized_iamges/693.jpg,0.3740087420010241,[],[],[],[]
694,/home/pi/sambashare/BacArbeit/randomized_iamges/694.jpg,0.37345026600087294,[],[],[],[]
695,/home/pi/sambashare/BacArbeit/randomized_iamges/695.jpg,0.3744192939993809,[],[],[],[]
696,/home/pi/sambashare/BacArbeit/randomized_iamges/696.jpg,0.3751187680027215,[],[],[],[]
697,/home/pi/sambashare/BacArbeit/randomized_iamges/697.jpg,0.3739215749956202,[],[],[],[]
698,/home/pi/sambashare/BacArbeit/randomized_iamges/698.jpg,0.37299810200056527,[],[],[],[]
699,/home/pi/sambashare/BacArbeit/randomized_iamges/699.jpg,0.3741041279936326,[],[],[],[]
700,/home/pi/sambashare/BacArbeit/randomized_iamges/700.jpg,0.37265828999807127,[],[],[],[]
701,/home/pi/sambashare/BacArbeit/randomized_iamges/701.jpg,0.3745686789989122,[],[],[],[]
702,/home/pi/sambashare/BacArbeit/randomized_iamges/702.jpg,0.37458586399588967,[],[],[],[]
703,/home/pi/sambashare/BacArbeit/randomized_iamges/703.jpg,0.3736394840016146,[],[],[],[]
704,/home/pi/sambashare/BacArbeit/randomized_iamges/704.jpg,0.37331854199874215,[],[],[],[]
705,/home/pi/sambashare/BacArbeit/randomized_iamges/705.jpg,0.3744836600017152,[],[],[],[]
706,/home/pi/sambashare/BacArbeit/randomized_iamges/706.jpg,0.3730090810058755,[],[],[],[]
707,/home/pi/sambashare/BacArbeit/randomized_iamges/707.jpg,0.37322270900040166,[],[],[],[]
708,/home/pi/sambashare/BacArbeit/randomized_iamges/708.jpg,0.39838410499942256,[],[],[],[]
709,/home/pi/sambashare/BacArbeit/randomized_iamges/709.jpg,0.3732432629985851,[],[],[],[]
710,/home/pi/sambashare/BacArbeit/randomized_iamges/710.jpg,0.3741153110022424,[],[],[],[]
711,/home/pi/sambashare/BacArbeit/randomized_iamges/711.jpg,0.37415131000307156,[],[],[],[]
712,/home/pi/sambashare/BacArbeit/randomized_iamges/712.jpg,0.3734089089994086,[],[],[],[]
713,/home/pi/sambashare/BacArbeit/randomized_iamges/713.jpg,0.3741008469951339,[],[],[],[]
714,/home/pi/sambashare/BacArbeit/randomized_iamges/714.jpg,0.3743924549999065,[],[],[],[]
715,/home/pi/sambashare/BacArbeit/randomized_iamges/715.jpg,0.37349301900394494,[],[],[],[]
716,/home/pi/sambashare/BacArbeit/randomized_iamges/716.jpg,0.3737604050038499,[],[],[],[]
717,/home/pi/sambashare/BacArbeit/randomized_iamges/717.jpg,0.3725243049993878,[],[],[],[]
718,/home/pi/sambashare/BacArbeit/randomized_iamges/718.jpg,0.3744332319984096,[],[],[],[]
719,/home/pi/sambashare/BacArbeit/randomized_iamges/719.jpg,0.3734229260007851,[],[],[],[]
720,/home/pi/sambashare/BacArbeit/randomized_iamges/720.jpg,0.3738014589980594,[],[],[],[]
721,/home/pi/sambashare/BacArbeit/randomized_iamges/721.jpg,0.37410084399743937,[],[],[],[]
722,/home/pi/sambashare/BacArbeit/randomized_iamges/722.jpg,0.3737860510009341,[],[],[],[]
723,/home/pi/sambashare/BacArbeit/randomized_iamges/723.jpg,0.37422134300140897,[],[],[],[]
724,/home/pi/sambashare/BacArbeit/randomized_iamges/724.jpg,0.3727851519943215,[],[],[],[]
725,/home/pi/sambashare/BacArbeit/randomized_iamges/725.jpg,0.37451876599516254,[],[],[],[]
726,/home/pi/sambashare/BacArbeit/randomized_iamges/726.jpg,0.37507229699986055,[],[],[],[]
727,/home/pi/sambashare/BacArbeit/randomized_iamges/727.jpg,0.3739363630011212,[],[],[],[]
728,/home/pi/sambashare/BacArbeit/randomized_iamges/728.jpg,0.3742508600043948,[],[],[],[]
729,/home/pi/sambashare/BacArbeit/randomized_iamges/729.jpg,0.37297366699931445,[],[],[],[]
730,/home/pi/sambashare/BacArbeit/randomized_iamges/730.jpg,0.37554855099733686,[],[],[],[]
731,/home/pi/sambashare/BacArbeit/randomized_iamges/731.jpg,0.37349619900487596,[],[],[],[]
732,/home/pi/sambashare/BacArbeit/randomized_iamges/732.jpg,0.3740046200036886,[],[],[],[]
733,/home/pi/sambashare/BacArbeit/randomized_iamges/733.jpg,0.37569077200168977,[],[],[],[]
734,/home/pi/sambashare/BacArbeit/randomized_iamges/734.jpg,0.37450170800002525,[],[],[],[]
735,/home/pi/sambashare/BacArbeit/randomized_iamges/735.jpg,0.3737840670000878,[],[],[],[]
736,/home/pi/sambashare/BacArbeit/randomized_iamges/736.jpg,0.37451354099903256,[],[],[],[]
737,/home/pi/sambashare/BacArbeit/randomized_iamges/737.jpg,0.3742246910042013,[],[],[],[]
738,/home/pi/sambashare/BacArbeit/randomized_iamges/738.jpg,0.3737195849971613,[],[],[],[]
739,/home/pi/sambashare/BacArbeit/randomized_iamges/739.jpg,0.37361390000296524,[],[],[],[]
740,/home/pi/sambashare/BacArbeit/randomized_iamges/740.jpg,0.3744311699992977,[],[],[],[]
741,/home/pi/sambashare/BacArbeit/randomized_iamges/741.jpg,0.37392476700188126,[],[],[],[]
742,/home/pi/sambashare/BacArbeit/randomized_iamges/742.jpg,0.37387537799804704,[],[],[],[]
743,/home/pi/sambashare/BacArbeit/randomized_iamges/743.jpg,0.3737922859945684,[],[],[],[]
744,/home/pi/sambashare/BacArbeit/randomized_iamges/744.jpg,0.3725609830071335,[],[],[],[]
745,/home/pi/sambashare/BacArbeit/randomized_iamges/745.jpg,0.37303523699665675,[],[],[],[]
746,/home/pi/sambashare/BacArbeit/randomized_iamges/746.jpg,0.37490707100369036,[],[],[],[]
747,/home/pi/sambashare/BacArbeit/randomized_iamges/747.jpg,0.3743757789998199,[],[],[],[]
748,/home/pi/sambashare/BacArbeit/randomized_iamges/748.jpg,0.3732206239947118,[],[],[],[]
749,/home/pi/sambashare/BacArbeit/randomized_iamges/749.jpg,0.374132559998543,[],[],[],[]
750,/home/pi/sambashare/BacArbeit/randomized_iamges/750.jpg,0.374436019003042,[],[],[],[]
751,/home/pi/sambashare/BacArbeit/randomized_iamges/751.jpg,0.3861231699993368,[],[],[],[]
752,/home/pi/sambashare/BacArbeit/randomized_iamges/752.jpg,0.37459034999483265,[],[],[],[]
753,/home/pi/sambashare/BacArbeit/randomized_iamges/753.jpg,0.37344556400057627,[],[],[],[]
754,/home/pi/sambashare/BacArbeit/randomized_iamges/754.jpg,0.375088216002041,[],[],[],[]
755,/home/pi/sambashare/BacArbeit/randomized_iamges/755.jpg,0.37508673399861436,[],[],[],[]
756,/home/pi/sambashare/BacArbeit/randomized_iamges/756.jpg,0.37358210000093095,[],[],[],[]
757,/home/pi/sambashare/BacArbeit/randomized_iamges/757.jpg,0.3735850810044212,[],[],[],[]
758,/home/pi/sambashare/BacArbeit/randomized_iamges/758.jpg,0.3741463719998137,[],[],[],[]
759,/home/pi/sambashare/BacArbeit/randomized_iamges/759.jpg,0.37527104600303574,[],[],[],[]
760,/home/pi/sambashare/BacArbeit/randomized_iamges/760.jpg,0.37416909400053555,[],[],[],[]
761,/home/pi/sambashare/BacArbeit/randomized_iamges/761.jpg,0.37332802699529566,[],[],[],[]
762,/home/pi/sambashare/BacArbeit/randomized_iamges/762.jpg,0.3747356059975573,[],[],[],[]
763,/home/pi/sambashare/BacArbeit/randomized_iamges/763.jpg,0.3740596679999726,[],[],[],[]
764,/home/pi/sambashare/BacArbeit/randomized_iamges/764.jpg,0.37435625700163655,[],[],[],[]
765,/home/pi/sambashare/BacArbeit/randomized_iamges/765.jpg,0.3742431650025537,[],[],[],[]
766,/home/pi/sambashare/BacArbeit/randomized_iamges/766.jpg,0.3732219520024955,[],[],[],[]
767,/home/pi/sambashare/BacArbeit/randomized_iamges/767.jpg,0.3748667330000899,[],[],[],[]
768,/home/pi/sambashare/BacArbeit/randomized_iamges/768.jpg,0.37312899000244215,[],[],[],[]
769,/home/pi/sambashare/BacArbeit/randomized_iamges/769.jpg,0.3732846370039624,[],[],[],[]
770,/home/pi/sambashare/BacArbeit/randomized_iamges/770.jpg,0.3732352480001282,[],[],[],[]
771,/home/pi/sambashare/BacArbeit/randomized_iamges/771.jpg,0.3735482629999751,[],[],[],[]
772,/home/pi/sambashare/BacArbeit/randomized_iamges/772.jpg,0.37524493299861206,[],[],[],[]
773,/home/pi/sambashare/BacArbeit/randomized_iamges/773.jpg,0.37485988000116777,[],[],[],[]
774,/home/pi/sambashare/BacArbeit/randomized_iamges/774.jpg,0.37464812300459016,[],[],[],[]
775,/home/pi/sambashare/BacArbeit/randomized_iamges/775.jpg,0.37503230400034226,[],[],[],[]
776,/home/pi/sambashare/BacArbeit/randomized_iamges/776.jpg,0.37400997999793617,[],[],[],[]
777,/home/pi/sambashare/BacArbeit/randomized_iamges/777.jpg,0.37392053599614883,[],[],[],[]
778,/home/pi/sambashare/BacArbeit/randomized_iamges/778.jpg,0.3737868329990306,[],[],[],[]
779,/home/pi/sambashare/BacArbeit/randomized_iamges/779.jpg,0.3736740560052567,[],[],[],[]
780,/home/pi/sambashare/BacArbeit/randomized_iamges/780.jpg,0.37449188200116623,[],[],[],[]
781,/home/pi/sambashare/BacArbeit/randomized_iamges/781.jpg,0.3741026069983491,[],[],[],[]
782,/home/pi/sambashare/BacArbeit/randomized_iamges/782.jpg,0.3735448160005035,[],[],[],[]
783,/home/pi/sambashare/BacArbeit/randomized_iamges/783.jpg,0.3727496749997954,[],[],[],[]
784,/home/pi/sambashare/BacArbeit/randomized_iamges/784.jpg,0.3749748210029793,[],[],[],[]
785,/home/pi/sambashare/BacArbeit/randomized_iamges/785.jpg,0.375113745998533,[],[],[],[]
786,/home/pi/sambashare/BacArbeit/randomized_iamges/786.jpg,0.37391544099955354,[],[],[],[]
787,/home/pi/sambashare/BacArbeit/randomized_iamges/787.jpg,0.3737056469981326,[],[],[],[]
788,/home/pi/sambashare/BacArbeit/randomized_iamges/788.jpg,0.37488408100034576,[],[],[],[]
789,/home/pi/sambashare/BacArbeit/randomized_iamges/789.jpg,0.3742596419979236,[],[],[],[]
790,/home/pi/sambashare/BacArbeit/randomized_iamges/790.jpg,0.37431715900311247,[],[],[],[]
791,/home/pi/sambashare/BacArbeit/randomized_iamges/791.jpg,0.3735280929977307,[],[],[],[]
792,/home/pi/sambashare/BacArbeit/randomized_iamges/792.jpg,0.3748920049984008,[],[],[],[]
793,/home/pi/sambashare/BacArbeit/randomized_iamges/793.jpg,0.37436821300070733,[],[],[],[]
794,/home/pi/sambashare/BacArbeit/randomized_iamges/794.jpg,0.37394090199813945,[],[],[],[]
795,/home/pi/sambashare/BacArbeit/randomized_iamges/795.jpg,0.37370944199938094,[],[],[],[]
796,/home/pi/sambashare/BacArbeit/randomized_iamges/796.jpg,0.3725758400032646,[],[],[],[]
797,/home/pi/sambashare/BacArbeit/randomized_iamges/797.jpg,0.37539051799831213,[],[],[],[]
798,/home/pi/sambashare/BacArbeit/randomized_iamges/798.jpg,0.37592886500351597,[],[],[],[]
799,/home/pi/sambashare/BacArbeit/randomized_iamges/799.jpg,0.3731285009998828,[],[],[],[]
800,/home/pi/sambashare/BacArbeit/randomized_iamges/800.jpg,0.37405795600352576,[],[],[],[]
801,/home/pi/sambashare/BacArbeit/randomized_iamges/801.jpg,0.3731989630032331,[],[],[],[]
802,/home/pi/sambashare/BacArbeit/randomized_iamges/802.jpg,0.3730638720007846,[],[],[],[]
803,/home/pi/sambashare/BacArbeit/randomized_iamges/803.jpg,0.3731146490026731,[],[],[],[]
804,/home/pi/sambashare/BacArbeit/randomized_iamges/804.jpg,0.3736797360033961,[],[],[],[]
805,/home/pi/sambashare/BacArbeit/randomized_iamges/805.jpg,0.3741107129972079,[],[],[],[]
806,/home/pi/sambashare/BacArbeit/randomized_iamges/806.jpg,0.37538251600199146,[],[],[],[]
807,/home/pi/sambashare/BacArbeit/randomized_iamges/807.jpg,0.37373280899919337,[],[],[],[]
808,/home/pi/sambashare/BacArbeit/randomized_iamges/808.jpg,0.37281166900356766,[],[],[],[]
809,/home/pi/sambashare/BacArbeit/randomized_iamges/809.jpg,0.37421095299941953,[],[],[],[]
810,/home/pi/sambashare/BacArbeit/randomized_iamges/810.jpg,0.3756556799999089,[],[],[],[]
811,/home/pi/sambashare/BacArbeit/randomized_iamges/811.jpg,0.37339918200450484,[],[],[],[]
812,/home/pi/sambashare/BacArbeit/randomized_iamges/812.jpg,0.37386882599821547,[],[],[],[]
813,/home/pi/sambashare/BacArbeit/randomized_iamges/813.jpg,0.3755902349948883,[],[],[],[]
814,/home/pi/sambashare/BacArbeit/randomized_iamges/814.jpg,0.37303140699805226,[],[],[],[]
815,/home/pi/sambashare/BacArbeit/randomized_iamges/815.jpg,0.3735950310001499,[],[],[],[]
816,/home/pi/sambashare/BacArbeit/randomized_iamges/816.jpg,0.3747294269996928,[],[],[],[]
817,/home/pi/sambashare/BacArbeit/randomized_iamges/817.jpg,0.37371780700050294,[],[],[],[]
818,/home/pi/sambashare/BacArbeit/randomized_iamges/818.jpg,0.3735962889986695,[],[],[],[]
819,/home/pi/sambashare/BacArbeit/randomized_iamges/819.jpg,0.372820092998154,[],[],[],[]
820,/home/pi/sambashare/BacArbeit/randomized_iamges/820.jpg,0.37477814899466466,[],[],[],[]
821,/home/pi/sambashare/BacArbeit/randomized_iamges/821.jpg,0.37426757900539087,[],[],[],[]
822,/home/pi/sambashare/BacArbeit/randomized_iamges/822.jpg,0.3741351909993682,[],[],[],[]
823,/home/pi/sambashare/BacArbeit/randomized_iamges/823.jpg,0.37345430799905444,[],[],[],[]
824,/home/pi/sambashare/BacArbeit/randomized_iamges/824.jpg,0.3766659629982314,[],[],[],[]
825,/home/pi/sambashare/BacArbeit/randomized_iamges/825.jpg,0.3742435599997407,[],[],[],[]
826,/home/pi/sambashare/BacArbeit/randomized_iamges/826.jpg,0.37498190400219755,[],[],[],[]
827,/home/pi/sambashare/BacArbeit/randomized_iamges/827.jpg,0.3740013949936838,[],[],[],[]
828,/home/pi/sambashare/BacArbeit/randomized_iamges/828.jpg,0.3734481780047645,[],[],[],[]
829,/home/pi/sambashare/BacArbeit/randomized_iamges/829.jpg,0.37255313000059687,[],[],[],[]
830,/home/pi/sambashare/BacArbeit/randomized_iamges/830.jpg,0.3750510329991812,[],[],[],[]
831,/home/pi/sambashare/BacArbeit/randomized_iamges/831.jpg,0.3743039840046549,[],[],[],[]
832,/home/pi/sambashare/BacArbeit/randomized_iamges/832.jpg,0.3734572699977434,[],[],[],[]
833,/home/pi/sambashare/BacArbeit/randomized_iamges/833.jpg,0.37308592200133717,[],[],[],[]
834,/home/pi/sambashare/BacArbeit/randomized_iamges/834.jpg,0.37286762700387044,[],[],[],[]
835,/home/pi/sambashare/BacArbeit/randomized_iamges/835.jpg,0.37431774299329845,[],[],[],[]
836,/home/pi/sambashare/BacArbeit/randomized_iamges/836.jpg,0.37455222100106766,[],[],[],[]
837,/home/pi/sambashare/BacArbeit/randomized_iamges/837.jpg,0.3729457369990996,[],[],[],[]
838,/home/pi/sambashare/BacArbeit/randomized_iamges/838.jpg,0.3744551660056459,[],[],[],[]
839,/home/pi/sambashare/BacArbeit/randomized_iamges/839.jpg,0.3742264829998021,[],[],[],[]
840,/home/pi/sambashare/BacArbeit/randomized_iamges/840.jpg,0.3725040170029388,[],[],[],[]
841,/home/pi/sambashare/BacArbeit/randomized_iamges/841.jpg,0.3741247430007206,[],[],[],[]
842,/home/pi/sambashare/BacArbeit/randomized_iamges/842.jpg,0.3733979719982017,[],[],[],[]
843,/home/pi/sambashare/BacArbeit/randomized_iamges/843.jpg,0.3742313530019601,[],[],[],[]
844,/home/pi/sambashare/BacArbeit/randomized_iamges/844.jpg,0.37374587600061204,[],[],[],[]
845,/home/pi/sambashare/BacArbeit/randomized_iamges/845.jpg,0.3745881089998875,[],[],[],[]
846,/home/pi/sambashare/BacArbeit/randomized_iamges/846.jpg,0.374349092002376,[],[],[],[]
847,/home/pi/sambashare/BacArbeit/randomized_iamges/847.jpg,0.37502084400330205,[],[],[],[]
848,/home/pi/sambashare/BacArbeit/randomized_iamges/848.jpg,0.3737249490004615,[],[],[],[]
849,/home/pi/sambashare/BacArbeit/randomized_iamges/849.jpg,0.3736185609959648,[],[],[],[]
850,/home/pi/sambashare/BacArbeit/randomized_iamges/850.jpg,0.37543272900074953,[],[],[],[]
851,/home/pi/sambashare/BacArbeit/randomized_iamges/851.jpg,0.37453266399825225,[],[],[],[]
852,/home/pi/sambashare/BacArbeit/randomized_iamges/852.jpg,0.373597839003196,[],[],[],[]
853,/home/pi/sambashare/BacArbeit/randomized_iamges/853.jpg,0.37342406300012954,[],[],[],[]
854,/home/pi/sambashare/BacArbeit/randomized_iamges/854.jpg,0.37411853700177744,[],[],[],[]
855,/home/pi/sambashare/BacArbeit/randomized_iamges/855.jpg,0.3739082239990239,[],[],[],[]
856,/home/pi/sambashare/BacArbeit/randomized_iamges/856.jpg,0.3739582420021179,[],[],[],[]
857,/home/pi/sambashare/BacArbeit/randomized_iamges/857.jpg,0.37552263399993535,[],[],[],[]
858,/home/pi/sambashare/BacArbeit/randomized_iamges/858.jpg,0.37338367299526,[],[],[],[]
859,/home/pi/sambashare/BacArbeit/randomized_iamges/859.jpg,0.3737311139993835,[],[],[],[]
860,/home/pi/sambashare/BacArbeit/randomized_iamges/860.jpg,0.37378274199727457,[],[],[],[]
861,/home/pi/sambashare/BacArbeit/randomized_iamges/861.jpg,0.3745776610012399,[],[],[],[]
862,/home/pi/sambashare/BacArbeit/randomized_iamges/862.jpg,0.3735710589971859,[],[],[],[]
863,/home/pi/sambashare/BacArbeit/randomized_iamges/863.jpg,0.3738518340032897,[],[],[],[]
864,/home/pi/sambashare/BacArbeit/randomized_iamges/864.jpg,0.37530721000075573,[],[],[],[]
865,/home/pi/sambashare/BacArbeit/randomized_iamges/865.jpg,0.3736370769984205,[],[],[],[]
866,/home/pi/sambashare/BacArbeit/randomized_iamges/866.jpg,0.37395281399949454,[],[],[],[]
867,/home/pi/sambashare/BacArbeit/randomized_iamges/867.jpg,0.3745082719979109,[],[],[],[]
868,/home/pi/sambashare/BacArbeit/randomized_iamges/868.jpg,0.3735178740025731,[],[],[],[]
869,/home/pi/sambashare/BacArbeit/randomized_iamges/869.jpg,0.37455953099561157,[],[],[],[]
870,/home/pi/sambashare/BacArbeit/randomized_iamges/870.jpg,0.37385861100483453,[],[],[],[]
871,/home/pi/sambashare/BacArbeit/randomized_iamges/871.jpg,0.372931896999944,[],[],[],[]
872,/home/pi/sambashare/BacArbeit/randomized_iamges/872.jpg,0.3752217090004706,[],[],[],[]
873,/home/pi/sambashare/BacArbeit/randomized_iamges/873.jpg,0.373270208001486,[],[],[],[]
874,/home/pi/sambashare/BacArbeit/randomized_iamges/874.jpg,0.37288432299828855,[],[],[],[]
875,/home/pi/sambashare/BacArbeit/randomized_iamges/875.jpg,0.3749796179981786,[],[],[],[]
876,/home/pi/sambashare/BacArbeit/randomized_iamges/876.jpg,0.3729349519999232,[],[],[],[]
877,/home/pi/sambashare/BacArbeit/randomized_iamges/877.jpg,0.3735655569980736,[],[],[],[]
878,/home/pi/sambashare/BacArbeit/randomized_iamges/878.jpg,0.3744799729975057,[],[],[],[]
879,/home/pi/sambashare/BacArbeit/randomized_iamges/879.jpg,0.37313463399914326,[],[],[],[]
880,/home/pi/sambashare/BacArbeit/randomized_iamges/880.jpg,0.37397540499659954,[],[],[],[]
881,/home/pi/sambashare/BacArbeit/randomized_iamges/881.jpg,0.3746288979964447,[],[],[],[]
882,/home/pi/sambashare/BacArbeit/randomized_iamges/882.jpg,0.3741322729983949,[],[],[],[]
883,/home/pi/sambashare/BacArbeit/randomized_iamges/883.jpg,0.37418001200421713,[],[],[],[]
884,/home/pi/sambashare/BacArbeit/randomized_iamges/884.jpg,0.3722120310048922,[],[],[],[]
885,/home/pi/sambashare/BacArbeit/randomized_iamges/885.jpg,0.37272269299865,[],[],[],[]
886,/home/pi/sambashare/BacArbeit/randomized_iamges/886.jpg,0.37344479800231056,[],[],[],[]
887,/home/pi/sambashare/BacArbeit/randomized_iamges/887.jpg,0.3734267420004471,[],[],[],[]
888,/home/pi/sambashare/BacArbeit/randomized_iamges/888.jpg,0.37488913500419585,[],[],[],[]
889,/home/pi/sambashare/BacArbeit/randomized_iamges/889.jpg,0.3737076640027226,[],[],[],[]
890,/home/pi/sambashare/BacArbeit/randomized_iamges/890.jpg,0.3757229049952002,[],[],[],[]
891,/home/pi/sambashare/BacArbeit/randomized_iamges/891.jpg,0.37289806099579437,[],[],[],[]
892,/home/pi/sambashare/BacArbeit/randomized_iamges/892.jpg,0.3739616059974651,[],[],[],[]
893,/home/pi/sambashare/BacArbeit/randomized_iamges/893.jpg,0.3741250860039145,[],[],[],[]
894,/home/pi/sambashare/BacArbeit/randomized_iamges/894.jpg,0.37319953899714164,[],[],[],[]
895,/home/pi/sambashare/BacArbeit/randomized_iamges/895.jpg,0.37356709099549334,[],[],[],[]
896,/home/pi/sambashare/BacArbeit/randomized_iamges/896.jpg,0.3737522549999994,[],[],[],[]
897,/home/pi/sambashare/BacArbeit/randomized_iamges/897.jpg,0.37312939100229414,[],[],[],[]
898,/home/pi/sambashare/BacArbeit/randomized_iamges/898.jpg,0.3739781610056525,[],[],[],[]
899,/home/pi/sambashare/BacArbeit/randomized_iamges/899.jpg,0.37299355800496414,[],[],[],[]
900,/home/pi/sambashare/BacArbeit/randomized_iamges/900.jpg,0.3738916060028714,[],[],[],[]
901,/home/pi/sambashare/BacArbeit/randomized_iamges/901.jpg,0.3759812520002015,[],[],[],[]
902,/home/pi/sambashare/BacArbeit/randomized_iamges/902.jpg,0.37399608599662315,[],[],[],[]
903,/home/pi/sambashare/BacArbeit/randomized_iamges/903.jpg,0.37394088200380793,[],[],[],[]
904,/home/pi/sambashare/BacArbeit/randomized_iamges/904.jpg,0.3738601610020851,[],[],[],[]
905,/home/pi/sambashare/BacArbeit/randomized_iamges/905.jpg,0.3744931170003838,[],[],[],[]
906,/home/pi/sambashare/BacArbeit/randomized_iamges/906.jpg,0.3740069929990568,[],[],[],[]
907,/home/pi/sambashare/BacArbeit/randomized_iamges/907.jpg,0.37406039900088217,[],[],[],[]
908,/home/pi/sambashare/BacArbeit/randomized_iamges/908.jpg,0.37363064399687573,[],[],[],[]
909,/home/pi/sambashare/BacArbeit/randomized_iamges/909.jpg,0.37373499399836874,[],[],[],[]
910,/home/pi/sambashare/BacArbeit/randomized_iamges/910.jpg,0.3743236559967045,[],[],[],[]
911,/home/pi/sambashare/BacArbeit/randomized_iamges/911.jpg,0.3737646230001701,[],[],[],[]
912,/home/pi/sambashare/BacArbeit/randomized_iamges/912.jpg,0.37466207800025586,[],[],[],[]
913,/home/pi/sambashare/BacArbeit/randomized_iamges/913.jpg,0.37444313499872806,[],[],[],[]
914,/home/pi/sambashare/BacArbeit/randomized_iamges/914.jpg,0.37374404900037916,[],[],[],[]
915,/home/pi/sambashare/BacArbeit/randomized_iamges/915.jpg,0.3734939400019357,[],[],[],[]
916,/home/pi/sambashare/BacArbeit/randomized_iamges/916.jpg,0.3747601869981736,[],[],[],[]
917,/home/pi/sambashare/BacArbeit/randomized_iamges/917.jpg,0.37396461999742314,[],[],[],[]
918,/home/pi/sambashare/BacArbeit/randomized_iamges/918.jpg,0.3734053850057535,[],[],[],[]
919,/home/pi/sambashare/BacArbeit/randomized_iamges/919.jpg,0.37285722399974475,[],[],[],[]
920,/home/pi/sambashare/BacArbeit/randomized_iamges/920.jpg,0.37364186400373,[],[],[],[]
921,/home/pi/sambashare/BacArbeit/randomized_iamges/921.jpg,0.3747246130005806,[],[],[],[]
922,/home/pi/sambashare/BacArbeit/randomized_iamges/922.jpg,0.3732997190018068,[],[],[],[]
923,/home/pi/sambashare/BacArbeit/randomized_iamges/923.jpg,0.3754147910003667,[],[],[],[]
924,/home/pi/sambashare/BacArbeit/randomized_iamges/924.jpg,0.37372552899614675,[],[],[],[]
925,/home/pi/sambashare/BacArbeit/randomized_iamges/925.jpg,0.3738202140011708,[],[],[],[]
926,/home/pi/sambashare/BacArbeit/randomized_iamges/926.jpg,0.3737841580004897,[],[],[],[]
927,/home/pi/sambashare/BacArbeit/randomized_iamges/927.jpg,0.37526803299988387,[],[],[],[]
928,/home/pi/sambashare/BacArbeit/randomized_iamges/928.jpg,0.37380754700279795,[],[],[],[]
929,/home/pi/sambashare/BacArbeit/randomized_iamges/929.jpg,0.37384184199618176,[],[],[],[]
930,/home/pi/sambashare/BacArbeit/randomized_iamges/930.jpg,0.3731254230006016,[],[],[],[]
931,/home/pi/sambashare/BacArbeit/randomized_iamges/931.jpg,0.3742776899962337,[],[],[],[]
932,/home/pi/sambashare/BacArbeit/randomized_iamges/932.jpg,0.3738075459987158,[],[],[],[]
933,/home/pi/sambashare/BacArbeit/randomized_iamges/933.jpg,0.37417793100030394,[],[],[],[]
934,/home/pi/sambashare/BacArbeit/randomized_iamges/934.jpg,0.3737678050019895,[],[],[],[]
935,/home/pi/sambashare/BacArbeit/randomized_iamges/935.jpg,0.37311496000620537,[],[],[],[]
936,/home/pi/sambashare/BacArbeit/randomized_iamges/936.jpg,0.3746538519990281,[],[],[],[]
937,/home/pi/sambashare/BacArbeit/randomized_iamges/937.jpg,0.3739394889998948,[],[],[],[]
938,/home/pi/sambashare/BacArbeit/randomized_iamges/938.jpg,0.3735174370012828,[],[],[],[]
939,/home/pi/sambashare/BacArbeit/randomized_iamges/939.jpg,0.3746027969973511,[],[],[],[]
940,/home/pi/sambashare/BacArbeit/randomized_iamges/940.jpg,0.3748380909964908,[],[],[],[]
941,/home/pi/sambashare/BacArbeit/randomized_iamges/941.jpg,0.3758980620041257,[],[],[],[]
942,/home/pi/sambashare/BacArbeit/randomized_iamges/942.jpg,0.37325568000233034,[],[],[],[]
943,/home/pi/sambashare/BacArbeit/randomized_iamges/943.jpg,0.3736467310009175,[],[],[],[]
944,/home/pi/sambashare/BacArbeit/randomized_iamges/944.jpg,0.3736279899967485,[],[],[],[]
945,/home/pi/sambashare/BacArbeit/randomized_iamges/945.jpg,0.3812467710013152,[],[],[],[]
946,/home/pi/sambashare/BacArbeit/randomized_iamges/946.jpg,0.37312705099611776,[],[],[],[]
947,/home/pi/sambashare/BacArbeit/randomized_iamges/947.jpg,0.37449577799998224,[],[],[],[]
948,/home/pi/sambashare/BacArbeit/randomized_iamges/948.jpg,0.37353169500420336,[],[],[],[]
949,/home/pi/sambashare/BacArbeit/randomized_iamges/949.jpg,0.37368473000242375,[],[],[],[]
950,/home/pi/sambashare/BacArbeit/randomized_iamges/950.jpg,0.3727228499992634,[],[],[],[]
951,/home/pi/sambashare/BacArbeit/randomized_iamges/951.jpg,0.3738638569993782,[],[],[],[]
952,/home/pi/sambashare/BacArbeit/randomized_iamges/952.jpg,0.3756826370008639,[],[],[],[]
953,/home/pi/sambashare/BacArbeit/randomized_iamges/953.jpg,0.3731694009984494,[],[],[],[]
954,/home/pi/sambashare/BacArbeit/randomized_iamges/954.jpg,0.3739709489964298,[],[],[],[]
955,/home/pi/sambashare/BacArbeit/randomized_iamges/955.jpg,0.3733776949957246,[],[],[],[]
956,/home/pi/sambashare/BacArbeit/randomized_iamges/956.jpg,0.3735532120044809,[],[],[],[]
957,/home/pi/sambashare/BacArbeit/randomized_iamges/957.jpg,0.3735411200032104,[],[],[],[]
958,/home/pi/sambashare/BacArbeit/randomized_iamges/958.jpg,0.37329575100011425,[],[],[],[]
959,/home/pi/sambashare/BacArbeit/randomized_iamges/959.jpg,0.37846866499603493,[],[],[],[]
960,/home/pi/sambashare/BacArbeit/randomized_iamges/960.jpg,0.373379971999384,[],[],[],[]
961,/home/pi/sambashare/BacArbeit/randomized_iamges/961.jpg,0.3739049680007156,[],[],[],[]
962,/home/pi/sambashare/BacArbeit/randomized_iamges/962.jpg,0.3727155520027736,[],[],[],[]
963,/home/pi/sambashare/BacArbeit/randomized_iamges/963.jpg,0.3740597979995073,[],[],[],[]
964,/home/pi/sambashare/BacArbeit/randomized_iamges/964.jpg,0.37395296600152506,[],[],[],[]
965,/home/pi/sambashare/BacArbeit/randomized_iamges/965.jpg,0.37395690999983344,[],[],[],[]
966,/home/pi/sambashare/BacArbeit/randomized_iamges/966.jpg,0.37324610199721064,[],[],[],[]
967,/home/pi/sambashare/BacArbeit/randomized_iamges/967.jpg,0.3755400619993452,[],[],[],[]
968,/home/pi/sambashare/BacArbeit/randomized_iamges/968.jpg,0.37364913500641705,[],[],[],[]
969,/home/pi/sambashare/BacArbeit/randomized_iamges/969.jpg,0.37335234099737136,[],[],[],[]
970,/home/pi/sambashare/BacArbeit/randomized_iamges/970.jpg,0.37420086999918567,[],[],[],[]
971,/home/pi/sambashare/BacArbeit/randomized_iamges/971.jpg,0.37335434099804843,[],[],[],[]
972,/home/pi/sambashare/BacArbeit/randomized_iamges/972.jpg,0.37397590999898966,[],[],[],[]
973,/home/pi/sambashare/BacArbeit/randomized_iamges/973.jpg,0.37330123099673074,[],[],[],[]
974,/home/pi/sambashare/BacArbeit/randomized_iamges/974.jpg,0.37482832700334257,[],[],[],[]
975,/home/pi/sambashare/BacArbeit/randomized_iamges/975.jpg,0.37430547999974806,[],[],[],[]
976,/home/pi/sambashare/BacArbeit/randomized_iamges/976.jpg,0.373715189001814,[],[],[],[]
977,/home/pi/sambashare/BacArbeit/randomized_iamges/977.jpg,0.37452599599782843,[],[],[],[]
978,/home/pi/sambashare/BacArbeit/randomized_iamges/978.jpg,0.3753507660003379,[],[],[],[]
979,/home/pi/sambashare/BacArbeit/randomized_iamges/979.jpg,0.37340558099822374,[],[],[],[]
980,/home/pi/sambashare/BacArbeit/randomized_iamges/980.jpg,0.37528154400206404,[],[],[],[]
981,/home/pi/sambashare/BacArbeit/randomized_iamges/981.jpg,0.37382361399795627,[],[],[],[]
982,/home/pi/sambashare/BacArbeit/randomized_iamges/982.jpg,0.37434466400009114,[],[],[],[]
983,/home/pi/sambashare/BacArbeit/randomized_iamges/983.jpg,0.3730731019968516,[],[],[],[]
984,/home/pi/sambashare/BacArbeit/randomized_iamges/984.jpg,0.3743489780026721,[],[],[],[]
985,/home/pi/sambashare/BacArbeit/randomized_iamges/985.jpg,0.377223117997346,[],[],[],[]
986,/home/pi/sambashare/BacArbeit/randomized_iamges/986.jpg,0.3762962740001967,[],[],[],[]
987,/home/pi/sambashare/BacArbeit/randomized_iamges/987.jpg,0.3772808579960838,[],[],[],[]
988,/home/pi/sambashare/BacArbeit/randomized_iamges/988.jpg,0.3725726799966651,[],[],[],[]
989,/home/pi/sambashare/BacArbeit/randomized_iamges/989.jpg,0.3731483779993141,[],[],[],[]
990,/home/pi/sambashare/BacArbeit/randomized_iamges/990.jpg,0.37419142400176497,[],[],[],[]
991,/home/pi/sambashare/BacArbeit/randomized_iamges/991.jpg,0.37346568999782903,[],[],[],[]
992,/home/pi/sambashare/BacArbeit/randomized_iamges/992.jpg,0.3746673080022447,[],[],[],[]
993,/home/pi/sambashare/BacArbeit/randomized_iamges/993.jpg,0.3731721739968634,[],[],[],[]
994,/home/pi/sambashare/BacArbeit/randomized_iamges/994.jpg,0.37361570700159064,[],[],[],[]
995,/home/pi/sambashare/BacArbeit/randomized_iamges/995.jpg,0.3743022549970192,[],[],[],[]
996,/home/pi/sambashare/BacArbeit/randomized_iamges/996.jpg,0.37271940000209725,[],[],[],[]
997,/home/pi/sambashare/BacArbeit/randomized_iamges/997.jpg,0.37376314900029683,[],[],[],[]
998,/home/pi/sambashare/BacArbeit/randomized_iamges/998.jpg,0.3740590899978997,[],[],[],[]
999,/home/pi/sambashare/BacArbeit/randomized_iamges/999.jpg,0.37467982600355754,[],[],[],[]
